id,first_name,last_name,birth_date,team_id,country,photo,position,rating,pesmaster_url,face_video_url,slug
359,Guilherme,Arana,14/04/1997,80,Brasil.png,img/jugadores/Guilherme Arana Lopes.png,Defensor,76,https://www.pesmaster.com/es/guilherme-arana/efootball-2022/player/101116/,https://youtu.be/cRS5_1ajgTo?si=6pJqLNtyBlp6uX3T,guilherme-arana
361,Álvaro,Montoro,17/04/2007,82,Argentina.png,img/jugadores/Álvaro Montoro.png,Mediocampista,73,https://www.pesmaster.com/es/alvaro-montoro/efootball-2022/player/168233/,https://youtu.be/H0UXDq0wvS8?si=-6y03t1JoTWkeC5N,alvaro-montoro
362,Arthur,Cabral,25/04/1998,82,Brasil.png,img/jugadores/Arthur Mendonça Cabral.png,Delantero,74,https://www.pesmaster.com/es/arthur-cabral/efootball-2022/player/123117/,https://youtu.be/_j5vgXc1liw?si=WANice0RMMLJ246F,arthur-cabral
360,Joaquín,Correa,13/08/1994,82,Argentina.png,img/jugadores/Joaquín Correa.png,Delantero,74,https://www.pesmaster.com/es/joaquin-correa/efootball-2022/player/60068/,https://youtu.be/UfzNDELkauI?si=7BdzUE-qz9dv16ng,joaquin-correa
363,Rodrigo,Garro,04/01/1998,84,Argentina.png,img/jugadores/Rodrigo Garro.png,Mediocampista,80,https://www.pesmaster.com/es/rodrigo-garro/efootball-2022/player/123665/,https://youtu.be/wbfaCmaZ4mI?si=5G7742BAWqJRKBEj,rodrigo-garro
364,Yuri,Alberto,18/03/2001,84,Brasil.png,img/jugadores/Yuri Alberto Monteiro da Silva.png,Delantero,78,https://www.pesmaster.com/es/yuri-alberto/efootball-2022/player/119108/,https://youtu.be/HmwOhjKAcdA?si=cq5RtYe2_qQ3OEEp,yuri-alberto
365,Fabrício,Bruno,12/02/1996,85,Brasil.png,img/jugadores/Fabrício Bruno Soares de Faria.png,Defensor,79,https://www.pesmaster.com/es/fabricio-bruno/efootball-2022/player/111809/,https://youtu.be/680zgfGVs7o?si=tvWljUcIY7kisafx,fabricio-bruno
367,Gabriel,Barbosa,30/08/1996,85,Brasil.png,img/jugadores/Gabriel Barbosa Almeida.png,Delantero,75,https://www.pesmaster.com/es/gabriel-barbosa/efootball-2022/player/58759/,https://youtu.be/4DQ2Cf8Zo1k?si=vc4A0sKx-nOxLmQ4,gabriel-barbosa
366,Kaio,Jorge,24/01/2002,85,Brasil.png,img/jugadores/Kaio Jorge Pinto Ramos.png,Delantero,79,https://www.pesmaster.com/es/kaio-jorge/efootball-2022/player/127062/,https://youtu.be/Wq0rrc0KIr0?si=hfImDLUQvT-r5BtH,kaio-jorge
375,Agustín,Rossi,21/08/1995,86,Argentina.png,img/jugadores/Agustín Rossi.png,Arquero,80,https://www.pesmaster.com/es/agustin-rossi/efootball-2022/player/105304/,https://youtu.be/9Cc8lYTLVQc?si=3xQktAw3IiWInKbx,agustin-rossi
376,Emerson,Royal,14/01/1999,86,Brasil.png,img/jugadores/Emerson Leite De Souza.png,Defensor,75,https://www.pesmaster.com/es/emerson-royal/efootball-2022/player/114592/,https://youtu.be/fNN5OX14ldQ?si=EFHfvi-IBz9iPkSa,emerson-royal
373,Jorge,Carrascal,25/05/1998,86,Colombia.png,img/jugadores/Jorge Carrascal.png,Mediocampista,77,https://www.pesmaster.com/es/jorge-carrascal/efootball-2022/player/103966/,https://youtu.be/-RXMpJrhcag?si=X4DcDnPztAEpkEJn,jorge-carrascal
372,Giorgian,De Arrascaeta,01/06/1994,86,Uruguay.png,img/jugadores/Giorgian De Arrascaeta.png,Mediocampista,84,https://www.pesmaster.com/es/g-de-arrascaeta/efootball-2022/player/61525/,https://youtu.be/TTFpLUe8KkA?si=30W_rkz2hSKYJyu7,giorgian-de-arrascaeta
368,Nicolás,De La Cruz,01/06/1997,86,Uruguay.png,img/jugadores/Nicolás De la Cruz.png,Mediocampista,75,https://www.pesmaster.com/es/nicolas-de-la-cruz/efootball-2022/player/118353/,https://youtu.be/ZFpOr3VMhaw?si=lxTPNmpr05Vxeq6S,nicolas-de-la-cruz
374,Pedro,Guilherme,20/06/1997,86,Brasil.png,img/jugadores/Pedro Guilherme Abreu dos Santos.png,Delantero,81,https://www.pesmaster.com/es/pedro/efootball-2022/player/111408/,https://youtu.be/CRHOsJM-zSk?si=H4g1l4gPvQCcuSmG,pedro-guilherme
371,Bruno,Henrique,30/12/1990,86,Brasil.png,img/jugadores/Bruno Henrique Pinto.png,Delantero,79,https://www.pesmaster.com/es/bruno-henrique/efootball-2022/player/106609/,https://youtu.be/wbCaIfNnstE?si=e5UGdwoT769OrbpC,bruno-henrique
370,Samuel,Lino,23/12/1999,86,Brasil.png,img/jugadores/Samuel Dias Lino.png,Delantero,78,https://www.pesmaster.com/es/samuel-lino/efootball-2022/player/132905/,https://youtu.be/IhzUcHCY6KQ?si=uxrWZhnQf7euTRF3,samuel-lino
369,Gonzalo,Plata,01/11/2000,86,Ecuador.png,img/jugadores/Gonzalo Plata.png,Delantero,76,https://www.pesmaster.com/es/gonzalo-plata/efootball-2022/player/132573/,https://youtu.be/BTzXPV8I_oM?si=MoahjUgruBJrrX4Z,gonzalo-plata
380,Germán,Cano,02/02/1988,87,Argentina.png,img/jugadores/Germán Cano.png,Delantero,74,https://www.pesmaster.com/es/german-cano/efootball-2022/player/45761/,https://youtu.be/JXkdtzyVmjM?si=vDBXg10u8qmHeDmh,german-cano
378,Agustín,Canobbio,01/10/1998,87,Uruguay.png,img/jugadores/Agustín Canobbio.png,Delantero,73,https://www.pesmaster.com/es/agustin-canobbio/efootball-2022/player/153447/,https://youtu.be/fpJJ_pR5QBM?si=HMrhAwu2E2IeM7GM,agustin-canobbio
377,John,Kennedy,18/05/2002,87,Brasil.png,img/jugadores/John Kennedy Batista de Souza.png,Delantero,72,https://www.pesmaster.com/es/john-kennedy/efootball-2022/player/133333/,https://youtu.be/EjU9QBEMtcc?si=AK-ktDDVHDRmrca_,john-kennedy
379,Yeferson,Soteldo,30/06/1997,87,Venezuela.png,img/jugadores/Yeferson Soteldo.png,Delantero,72,https://www.pesmaster.com/es/yeferson-soteldo/efootball-2022/player/61643/,https://youtu.be/NXmqZ95LIRY?si=WGZPsMGXAZpx19PT,yeferson-soteldo
382,Adam,Bareiro,26/07/1996,88,Paraguay.png,img/jugadores/Adam Bareiro.png,Delantero,73,https://www.pesmaster.com/es/adam-bareiro/efootball-2022/player/109739/,https://youtu.be/v3Hoi8YBaKQ?si=avCEIJCfsVbAm4JL,adam-bareiro
381,Yago,Pikachu,05/06/1992,88,Brasil.png,img/jugadores/Glaybson Yago Souza Lisboa.png,Delantero,72,https://www.pesmaster.com/es/yago-pikachu/efootball-2022/player/110802/,https://youtu.be/jR9NSvZFm_w?si=0aJHBBCA3pQOS7rF,yago-pikachu
383,Franco,Cristaldo,15/08/1996,89,Argentina.png,img/jugadores/Franco Cristaldo.png,Mediocampista,72,https://www.pesmaster.com/es/franco-cristaldo/efootball-2022/player/105298/,https://youtu.be/KJK2Nb4fqTI?si=FMQORkEdrS6yPqz3,franco-cristaldo
386,Sergio,Rochet,23/03/1993,90,Uruguay.png,img/jugadores/Sergio Rochet.png,Arquero,76,https://www.pesmaster.com/es/sergio-rochet/efootball-2022/player/102895/,https://youtu.be/3U9EOjxMW7w?si=5hmHc9pUMc4hTv0j,sergio-rochet
385,Johan,Carbonero,20/07/1999,90,Colombia.png,img/jugadores/Johan Carbonero.png,Delantero,74,https://www.pesmaster.com/es/johan-carbonero/efootball-2022/player/123788/,https://youtu.be/0klfFl6N_-Q?si=Ol2vo-G1qcTaONJb,johan-carbonero
384,Rafael,Santos Borré,15/09/1995,90,Colombia.png,img/jugadores/Rafael Santos Borré Maury.png,Delantero,74,https://www.pesmaster.com/es/rafael-borre/efootball-2022/player/104541/,https://youtu.be/9oCm6Vf8Nxo?si=WTnVnJqIuu2MkI74,rafael-santos-borre
387,Agustín,Giay,16/01/2004,93,Argentina.png,img/jugadores/Agustín Giay.png,Defensor,73,https://www.pesmaster.com/es/agustin-giay/efootball-2022/player/143642/,https://youtu.be/QNXvWw7DbaA?si=BV7QLcv3Tws0Bd97,agustin-giay
388,Aníbal,Moreno,13/05/1999,93,Argentina.png,img/jugadores/Aníbal Moreno.png,Mediocampista,77,https://www.pesmaster.com/es/anibal-moreno/efootball-2022/player/128959/,https://youtu.be/D5T1t5HMI6c?si=7prkKtXs-2NS4aTa,anibal-moreno
390,Raphael,Veiga,19/06/1995,93,Brasil.png,img/jugadores/Raphael Cavalcante Veiga.png,Mediocampista,77,https://www.pesmaster.com/es/raphael-veiga/efootball-2022/player/111422/,https://youtu.be/IXpCqjD7XY8?si=JUc2OWOHS2ALFp0r,raphael-veiga
392,Paulinho,Henrique,15/07/2000,93,Brasil.png,img/jugadores/Paulo Henrique Sampaio Filho.png,Delantero,78,https://www.pesmaster.com/es/paulinho/efootball-2022/player/117539/,https://youtu.be/ajt8jWdlPdc?si=gA-1EYaAQlqQRv1l,paulinho-henrique
389,José Manuel,López,06/12/2000,93,Argentina.png,img/jugadores/José Manuel López.png,Delantero,78,https://www.pesmaster.com/es/jose-lopez/efootball-2022/player/141870/,https://youtu.be/23dUUP8WdKY?si=en6BG5NolFXOd8mc,jose-manuel-lopez
393,Vitor,Roque,28/02/2005,93,Brasil.png,img/jugadores/Vitor Hugo Roque Ferreira.png,Delantero,79,https://www.pesmaster.com/es/vitor-roque/efootball-2022/player/151517/,https://youtu.be/IJqziefwuZc?si=n_3kCCiZGeCmorJt,vitor-roque
391,Ramón,Sosa,31/08/1999,93,Paraguay.png,img/jugadores/Ramón Sosa.png,Delantero,75,https://www.pesmaster.com/es/ramon-sosa/efootball-2022/player/152622/,https://youtu.be/k1JrhSFhi9s?si=BGfwDbtJpvDljjyO,ramon-sosa
394,Agustín,Sant'Anna,27/09/1997,94,Uruguay.png,img/jugadores/Agustín Sant'Anna.png,Defensor,70,https://www.pesmaster.com/es/agustin-santanna/efootball-2022/player/159706/,https://youtu.be/DpJHipLf-mQ?si=Mu9G1c1aoPZer_yn,agustin-santanna
395,Neymar,Júnior,05/02/1992,95,Brasil.png,img/jugadores/Neymar da Silva Santos Jr.png,Mediocampista,84,https://www.pesmaster.com/es/neymar-jr/efootball-2022/player/40352/,https://youtu.be/44OmGC61fv8?si=Wqugk_Sy13BZMQY1,neymar-junior
396,Benjamín,Rollheiser,24/03/2000,95,Argentina.png,img/jugadores/Benjamín Rollheiser.png,Delantero,73,https://www.pesmaster.com/es/benjamin-rollheiser/efootball-2022/player/120330/,https://youtu.be/3pxSrbKh8nI?si=rlYqTj0IGT8Kz44G,benjamin-rollheiser
398,Enzo,Díaz,07/12/1995,97,Argentina.png,img/jugadores/Enzo Díaz.png,Defensor,74,https://www.pesmaster.com/es/enzo-diaz/efootball-2022/player/122960/,https://youtu.be/5ZpoHUooBgg?si=Y65xRMVf78ew5_kV,enzo-diaz
397,Gonzalo,Tapia,18/02/2002,97,Chile.png,img/jugadores/Gonzalo Tapia.png,Delantero,72,https://www.pesmaster.com/es/gonzalo-tapia/efootball-2022/player/136007/,https://youtu.be/QRaD3s8j5vU?si=Zs976F-JwNUaqfR9,gonzalo-tapia
399,Pablo,Vegetti,15/10/1988,98,Argentina.png,img/jugadores/Pablo Vegetti.png,Delantero,75,https://www.pesmaster.com/es/pablo-vegetti/efootball-2022/player/60596/,https://youtu.be/e1TsCduUQTA?si=dt6HD_iYNrGsGV7s,pablo-vegetti
346,Alejandro,Grimaldo,20/09/1995,77,España.png,img/jugadores/Alejandro Grimaldo García.png,Defensor,85,https://www.pesmaster.com/es/alejandro-grimaldo/efootball-2022/player/101058/,https://youtu.be/tvVb64Xcal4?si=1DYqO0UBrEzcwsfI,alejandro-grimaldo
349,Jarell,Quansah,29/01/2003,77,Inglaterra.png,img/jugadores/Jarell Quansah.png,Defensor,78,https://www.pesmaster.com/es/jarell-quansah/efootball-2022/player/151813/,https://youtu.be/tY3DttYPBK8?si=kF8sxmHe9mfkTUa1,jarell-quansah
344,Robert,Andrich,22/09/1994,77,Alemania.png,img/jugadores/Robert Andrich.png,Mediocampista,81,https://www.pesmaster.com/es/robert-andrich/efootball-2022/player/142238/,https://youtu.be/gd4GuJfo8Dk?si=Tj2wc9EMdIPF8oEh,robert-andrich
347,Claudio,Echeverri,02/01/2006,77,Argentina.png,img/jugadores/Claudio Echeverri.png,Mediocampista,76,https://www.pesmaster.com/es/claudio-echeverri/efootball-2022/player/160836/,https://youtu.be/QX4QsQfAJRo?si=Oc0A6PX-lVFSNQ8q,claudio-echeverri
343,Equi,Fernández,25/07/2002,77,Argentina.png,img/jugadores/Ezequiel Fernández.png,Mediocampista,78,https://www.pesmaster.com/es/ezequiel-fernandez/efootball-2022/player/140305/,https://youtu.be/Gl0kL84MuCI?si=J9pZOkrFv1twWyWI,equi-fernandez
350,Aleix,García,28/06/1997,77,España.png,img/jugadores/Aleix García Serrano.png,Mediocampista,83,https://www.pesmaster.com/es/aleix-garcia/efootball-2022/player/109101/,https://youtu.be/Jcm59cr2IZ0?si=SGCk2BTev4EA5OhR,aleix-garcia
345,Ezequiel,Palacios,05/10/1998,77,Argentina.png,img/jugadores/Exequiel Alejandro Palacios.png,Mediocampista,84,https://www.pesmaster.com/es/exequiel-palacios/efootball-2022/player/110608/,https://youtu.be/0bb3aLWC1Ow?si=OGBe6173uOrwc6k4,ezequiel-palacios
348,Alejo,Sarco,06/01/2006,77,Argentina.png,img/jugadores/Alejo Sarco.png,Delantero,66,https://www.pesmaster.com/es/alejo-sarco/efootball-2022/player/168622/,https://youtu.be/0p8o34r-Cro?si=Biyi65XSExVsg2tH,alejo-sarco
335,Alphonso,Davies,02/11/2000,79,Canadá.png,img/jugadores/Alphonso Davies.png,Defensor,85,https://www.pesmaster.com/es/alphonso-davies/efootball-2022/player/129961/,https://youtu.be/gUTLMDz35Ig?si=_CqWKtmbiZXdDJyB,alphonso-davies
334,Hikori,Ito,12/05/1999,79,Japón.png,img/jugadores/Hiroki Ito.png,Defensor,82,https://www.pesmaster.com/es/hiroki-ito/efootball-2022/player/124107/,https://youtu.be/1nLx6ozmT44?si=qgaQvF6H1Lx_XnLt,hikori-ito
332,Min-jae,Kim,15/11/1996,79,Corea del Sur.png,img/jugadores/Min Jae Kim.png,Defensor,83,https://www.pesmaster.com/es/kim-minjae/efootball-2022/player/122460/,https://youtu.be/RrYN2NzG_EM?si=LlqUpOTBw7UHDqOU,min-jae-kim
331,Jonathan,Tah,11/02/1996,79,Alemania.png,img/jugadores/Jonathan Tah.png,Defensor,84,https://www.pesmaster.com/es/jonathan-tah/efootball-2022/player/112376/,https://youtu.be/RMVY3JTKHJA?si=HTVt-4SxSGIqsUUt,jonathan-tah
333,Dayot,Upamecano,27/10/1998,79,Francia.png,img/jugadores/Dayot Upamecano.png,Defensor,86,https://www.pesmaster.com/es/dayot-upamecano/efootball-2022/player/116655/,https://youtu.be/DCK-AtpZGgc?si=6zSHpZunU3uCqn9-,dayot-upamecano
337,Tom,Bischof,28/06/2005,79,Alemania.png,img/jugadores/Tom Bischof.png,Mediocampista,78,https://www.pesmaster.com/es/tom-bischof/efootball-2022/player/174044/,https://youtu.be/i-bIbh6UIjQ?si=d2n0saEhpMIj2O89,tom-bischof
340,Jamal,Musiala,26/02/2003,79,Alemania.png,img/jugadores/Jamal Musiala.png,Mediocampista,87,https://www.pesmaster.com/es/jamal-musiala/efootball-2022/player/138000/,https://youtu.be/eBPw2KwScro?si=BCwlc1z0wImiJQtB,jamal-musiala
338,Michael,Olise,12/12/2001,79,Francia.png,img/jugadores/Michael Olise.png,Mediocampista,87,https://www.pesmaster.com/es/michael-olise/efootball-2022/player/129369/,https://youtu.be/MrvrtijriCI?si=PMiAfo40SEMr5S38,michael-olise
336,Aleksandar,Pavlović,03/05/2004,79,Alemania.png,img/jugadores/Aleksandar Pavlović.png,Mediocampista,81,https://www.pesmaster.com/es/aleksandar-pavlovic/efootball-2022/player/162163/,https://youtu.be/m-WoB6ARRh4?si=3S2ak8AnY3q453n3,aleksandar-pavlovic
341,Luis,Díaz,13/01/1997,79,Colombia.png,img/jugadores/Luis Fernando Díaz Marulanda.png,Delantero,87,https://www.pesmaster.com/es/luis-diaz/efootball-2022/player/119907/,https://youtu.be/slTDJdY8FJo?si=gqjsHjclSEgkgbDs,luis-diaz
339,Serge,Gnabry,14/07/1995,79,Francia.png,img/jugadores/Serge Gnabry.png,Delantero,82,https://www.pesmaster.com/es/serge-gnabry/efootball-2022/player/60884/,https://youtu.be/06nmfSV4FYY?si=y5a2K0dgQEfWT5IU,serge-gnabry
342,Nicolas,Jackson,20/06/2001,79,Senegal.png,img/jugadores/Nicolas Jackson.png,Delantero,81,https://www.pesmaster.com/es/nicolas-jackson/efootball-2022/player/140870/,https://youtu.be/zJSgdO6flJM?si=JRfnsGB_MVbf1Vs8,nicolas-jackson
353,Aaron,Anselmino,29/04/2005,78,Argentina.png,img/jugadores/Aaron Anselmino.png,Defensor,75,https://www.pesmaster.com/es/aaron-anselmino/efootball-2022/player/163543/,https://youtu.be/zfwjKxSdX-Y?si=8VSqhzVzvWvNlsfp,aaron-anselmino
354,Yan,Couto,03/06/2002,78,Brasil.png,img/jugadores/Yan Bueno Couto.png,Defensor,78,https://www.pesmaster.com/es/yan-couto/efootball-2022/player/135017/,https://youtu.be/3n5EHeohfqo?si=j_L8Xmhdm8QQRA8V,yan-couto
352,Nico,Schlotterbeck,01/12/1999,78,Alemania.png,img/jugadores/Nico Schlotterbeck.png,Defensor,87,https://www.pesmaster.com/es/nico-schlotterbeck/efootball-2022/player/142237/,https://youtu.be/2myUpY2Y0bo?si=puPa3tK2Kf4CvLac,nico-schlotterbeck
351,Niklas,Süle,03/09/1995,78,Alemania.png,img/jugadores/Niklas Süle.png,Defensor,81,https://www.pesmaster.com/es/niklas-sule/efootball-2022/player/116136/,https://youtu.be/6uRtRqpNQj8?si=TMEgyr8Xl_sdgYcI,niklas-sule
356,Jobe,Bellingham,23/09/2005,78,Inglaterra.png,img/jugadores/Jobe Bellingham.png,Mediocampista,77,https://www.pesmaster.com/es/jobe-bellingham/efootball-2022/player/147337/,https://youtu.be/wUrb3_320TQ?si=Q3BemZHCuY5gAMHU,jobe-bellingham
357,Carney,Chukwuemeka,20/10/2003,78,Inglaterra.png,img/jugadores/Carney Chukwuemeka.png,Mediocampista,77,https://www.pesmaster.com/es/carney-chukwuemeka/efootball-2022/player/143418/,https://youtu.be/w3K9twOE4LA?si=DU2umJ5J09Nb6hXr,carney-chukwuemeka
355,Karim,Adeyemi,18/01/2002,78,Alemania.png,img/jugadores/Karim Adeyemi.png,Delantero,81,https://www.pesmaster.com/es/karim-adeyemi/efootball-2022/player/144438/,https://youtu.be/hUw_zsOADug?si=A4olb8-YORROwcyV,karim-adeyemi
358,Maximilian,Beier,17/10/2002,78,Alemania.png,img/jugadores/Maximilian Beier.png,Delantero,80,https://www.pesmaster.com/es/maximilian-beier/efootball-2022/player/142159/,https://youtu.be/-Ndj9ba6-Cs?si=IaKtSquFdbUf5qg_,maximilian-beier
407,Robert,Rojas,30/04/1996,114,Paraguay.png,img/jugadores/Robert Rojas.png,Defensor,71,https://www.pesmaster.com/es/robert-rojas/efootball-2022/player/128028/,https://youtu.be/46LvrTjgIls?si=1SNKMTPSY6c6syhX,robert-rojas
408,David,Martínez,21/01/1998,115,Paraguay.png,img/jugadores/David Martínez.png,Defensor,72,https://www.pesmaster.com/es/david-martinez/efootball-2022/player/118960/,https://youtu.be/5uGjJFTjxhQ?si=f2yjzk_T4J5hOmUz,david-martinez
409,Iván,Leguizamón,03/07/2002,115,Paraguay.png,img/jugadores/Iván Leguizamón.png,Delantero,70,https://www.pesmaster.com/es/ivan-leguizamon/efootball-2022/player/151530/,https://youtu.be/asDS_cfpv9c?si=hvbUqqEm0yCcp3cI,ivan-leguizamon
310,Unai,Simón,11/06/1997,58,España.png,img/jugadores/Unai Simón Mendibil.png,Arquero,85,https://www.pesmaster.com/es/unai-simon/efootball-2022/player/106957/,https://youtu.be/psv1ysk20qk?si=SLFje-NXqrA6yCZY,unai-simon
311,Dani,Vivian,05/07/1999,58,España.png,img/jugadores/Daniel Vivian Moreno.png,Defensor,83,https://www.pesmaster.com/es/dani-vivian/efootball-2022/player/124996/,https://youtu.be/GToFIuOv9Xo?si=I3-0pkj4IGPaCDWY,dani-vivian
309,Nico,Williams,12/07/2002,58,España.png,img/jugadores/Nicholas Williams Arthuer.png,Delantero,84,https://www.pesmaster.com/es/nico-williams/efootball-2022/player/142261/,https://youtu.be/7AWFAJ7sKD4?si=dytG_-6U7k9vQqMi,nico-williams
268,Robin,Le Normand,11/11/1996,59,España.png,img/jugadores/Robin Le Normand.png,Defensor,83,https://www.pesmaster.com/es/robin-le-normand/efootball-2022/player/112009/,https://youtu.be/85FJNfgP5CA?si=BvhdulN5WTFjK7Ix,robin-le-normand
267,Nahuel,Molina,06/04/1998,59,Argentina.png,img/jugadores/Nahuel Molina Lucero.png,Defensor,79,https://www.pesmaster.com/es/nahuel-molina/efootball-2022/player/111096/,https://youtu.be/3N4j5BfFj9U?si=y3D5u1kSbG__jGw-,nahuel-molina
269,Matteo,Ruggeri,11/07/2002,59,Italia.png,img/jugadores/Matteo Ruggeri.png,Defensor,78,https://www.pesmaster.com/es/matteo-ruggeri/efootball-2022/player/140703/,https://youtu.be/IFOauuZ-0NY?si=F6xuKt62FAGsmKxu,matteo-ruggeri
272,Thiago,Almada,26/04/2001,59,Argentina.png,img/jugadores/Thiago Almada.png,Mediocampista,83,https://www.pesmaster.com/es/thiago-almada/efootball-2022/player/126349/,https://youtu.be/I9N-gwLiLMw?si=VhXYlE0C6TRleDIL,thiago-almada
263,Pablo,Barrios,15/06/2003,59,España.png,img/jugadores/Pablo Barrios Rivas.png,Mediocampista,83,https://www.pesmaster.com/es/pablo-barrios/efootball-2022/player/152908/,https://youtu.be/piSWp4wpB2U?si=Q4fugY2ACcSTlsZE,pablo-barrios
264,Conor,Gallagher,06/02/2000,59,Inglaterra.png,img/jugadores/Conor Gallagher.png,Mediocampista,82,https://www.pesmaster.com/es/conor-gallagher/efootball-2022/player/131728/,https://youtu.be/GPD3Bad0LAo?si=e5HGxv7Qip2y5qDG,conor-gallagher
265,Álex,Baena,20/07/2001,59,España.png,img/jugadores/Alejandro Baena Rodríguez.png,Delantero,84,https://www.pesmaster.com/es/alex-baena/efootball-2022/player/134758/,https://youtu.be/T0ykm5q76Kc?si=z1xf7poY-tYdTMTq,alex-baena
266,Nicolás,González,06/04/1998,59,Argentina.png,img/jugadores/Nico Gonzalez.png,Delantero,80,https://www.pesmaster.com/es/nicolas-gonzalez/efootball-2022/player/116541/,https://youtu.be/nDJLE0jWTjg?si=Lk-RcesFr08bHIXL,nicolas-gonzalez
262,Giuliano,Simeone,18/12/2002,59,Argentina.png,img/jugadores/Giuliano Simeone.png,Delantero,81,https://www.pesmaster.com/es/giuliano-simeone/efootball-2022/player/147290/,https://youtu.be/6Icmw18s2rw?si=FQJXeWcwMEcRQ1p0,giuliano-simeone
270,Alexander,Sørloth,05/12/1995,59,Noruega.png,img/jugadores/Alexander Sørloth.png,Delantero,83,https://www.pesmaster.com/es/alexander-sorloth/efootball-2022/player/110838/,https://youtu.be/EkUMEeyE3HM?si=vJA_9r74zGOnY4aF,alexander-srloth
271,Julián,Álvarez,31/01/2000,59,Argentina.png,img/jugadores/Julián Álvarez.png,Delantero,89,https://www.pesmaster.com/es/julian-alvarez/efootball-2022/player/126624/,https://youtu.be/pP8VrbYnkKs?si=s-_-codghHaHyYhy,julian-alvarez
278,Joan,García,04/05/2001,60,España.png,img/jugadores/Joan García Pons.png,Arquero,84,https://www.pesmaster.com/es/joan-garcia/efootball-2022/player/141038/,https://youtu.be/lFRzj6HqpuY?si=uJ3dl6Hth5Yxosu7,joan-garcia
274,Ronald,Araújo,07/03/1999,60,Uruguay.png,img/jugadores/Ronald Araujo.png,Defensor,84,https://www.pesmaster.com/es/ronald-araujo/efootball-2022/player/132544/,https://youtu.be/yGhm9nCQqzY?si=Prh20k1LmA511R8Y,ronald-araujo
276,Alejandro,Balde,18/10/2003,60,España.png,img/jugadores/Alejandro Balde Martínez.png,Defensor,84,https://www.pesmaster.com/es/alejandro-balde/efootball-2022/player/147233/,https://youtu.be/7vN5TC-z61M?si=3YoP7ZFVrE7VsyIo,alejandro-balde
275,Pau,Cubarsí,22/01/2007,60,España.png,img/jugadores/Pau Cubarsí Paredes.png,Defensor,84,https://www.pesmaster.com/es/pau-cubarsi/efootball-2022/player/165696/,https://youtu.be/dc88U3JpC7E?si=5XLZ9b3xs-UD--Ec,pau-cubarsi
273,Jules,Koundé,12/11/1998,60,Francia.png,img/jugadores/Jules Koundé.png,Defensor,87,https://www.pesmaster.com/es/jules-kounde/efootball-2022/player/110784/,https://youtu.be/FV6wACj_CcM?si=RNUKTfyzDx3gLacq,jules-kounde
277,Gerard,Martín,26/02/2002,60,España.png,img/jugadores/Gerard Martín Langreo.png,Defensor,75,https://www.pesmaster.com/es/gerard-martin/efootball-2022/player/138183/,https://youtu.be/6C0YYKEFHiI?si=rFBOlnPDMqeRc8qX,gerard-martin
281,Marc,Bernal,26/05/2007,60,España.png,img/jugadores/Marc Bernal Casas.png,Mediocampista,68,https://www.pesmaster.com/es/marc-bernal/efootball-2022/player/171610/,https://youtu.be/Tn22NYuddXU?si=UYc6NnLs6fcRPdge,marc-bernal
280,Marc,Casadó,14/09/2003,60,España.png,img/jugadores/Marc Casadó Torras.png,Mediocampista,80,https://www.pesmaster.com/es/marc-casado/efootball-2022/player/155460/,https://youtu.be/7NbAIdXMI2o?si=aGFdUtUhaYJZI0hZ,marc-casado
279,Frenkie,de Jong,12/05/1997,60,Holanda.png,img/jugadores/Frenkie de Jong.png,Mediocampista,87,https://www.pesmaster.com/es/frenkie-de-jong/efootball-2022/player/108662/,https://youtu.be/_TzP0RWfyac?si=R_ay673MRxAoWjOG,frenkie-de-jong
289,Pablo,Gavi,05/08/2004,60,España.png,img/jugadores/Pablo Martín Páez Gavira.png,Mediocampista,82,https://www.pesmaster.com/es/gavi/efootball-2022/player/147235/,https://youtu.be/6h6hFDpn2n4?si=V2vgs_RqU4tubKjo,pablo-gavi
282,Pedri,González,25/11/2002,60,España.png,img/jugadores/Pedro González López.png,Mediocampista,90,https://www.pesmaster.com/es/pedri/efootball-2022/player/133157/,https://youtu.be/ZEVHioRbxTg?si=CcSOyygNPtt8Zj-_,pedri-gonzalez
283,Fermín,López,11/05/2003,60,España.png,img/jugadores/Fermín López Marín.png,Mediocampista,82,https://www.pesmaster.com/es/fermin-lopez/efootball-2022/player/161548/,https://youtu.be/gr9WkC6R5KI?si=SpRlc0jpa-ZeahZ0,fermin-lopez
288,Dani,Olmo,07/05/1998,60,España.png,img/jugadores/Daniel Olmo Carvajal.png,Mediocampista,85,https://www.pesmaster.com/es/dani-olmo/efootball-2022/player/110902/,https://youtu.be/Fz21X4NdQMA?si=toO_JoV2vWUZApQS,dani-olmo
285,Raphinha,Dias,14/12/1996,60,Brasil.png,img/jugadores/Raphael Dias Belloli.png,Delantero,90,https://www.pesmaster.com/es/raphinha/efootball-2022/player/110644/,https://youtu.be/NcgUCthK3bE?si=KqOq_T7AwBAi5fmJ,raphinha-dias
286,Robert,Lewandowski,21/08/1988,60,Polonia.png,img/jugadores/Robert Lewandowski.png,Delantero,87,https://www.pesmaster.com/es/robert-lewandowski/efootball-2022/player/40002/,https://youtu.be/o1si0OW-20s?si=3iAxNTG6amLgX1jQ,robert-lewandowski
287,Ferran,Torres,29/02/2000,60,España.png,img/jugadores/Ferran Torres García.png,Delantero,83,https://www.pesmaster.com/es/ferran-torres/efootball-2022/player/116751/,https://youtu.be/O-Ls4LayxlA?si=YMYevbis1ZvXKy55,ferran-torres
284,Lamine,Yamal,13/07/2007,60,España.png,img/jugadores/Lamine Yamal Nasraoui Ebana.png,Delantero,90,https://www.pesmaster.com/es/lamine-yamal/efootball-2022/player/162114/,https://youtu.be/IVEUiDRKWzc?si=J8sTpLolNGsL86BG,lamine-yamal
312,Iñaki,Peña,02/03/1999,63,España.png,img/jugadores/Ignacio Peña Sotorres.png,Arquero,78,https://www.pesmaster.com/es/inaki-pena/efootball-2022/player/116578/,https://youtu.be/vHG6q41eDOQ?si=VAOR9zQr_EA2aVZD,inaki-pena
313,Federico,Redondo,18/01/2003,63,Argentina.png,img/jugadores/Federico Redondo.png,Mediocampista,74,https://www.pesmaster.com/es/federico-redondo/efootball-2022/player/144296/,https://youtu.be/OQ6JnAK2F-I?si=rbw1PQGRQt69FFSr,federico-redondo
315,Vitor,Reis,12/01/2006,66,Brasil.png,img/jugadores/Vitor Reis.png,Defensor,75,https://www.pesmaster.com/es/vitor-reis/efootball-2022/player/160938/,https://youtu.be/fJ1eBBFUZlY?si=DIUroHpxJy8bj-pp,vitor-reis
314,Yáser,Asprilla,19/11/2003,66,Colombia.png,img/jugadores/Yáser Asprilla.png,Delantero,75,https://www.pesmaster.com/es/yaser-asprilla/efootball-2022/player/140772/,https://youtu.be/qSfsHZH-6q8?si=a4IMhx8Cb47TNAD8,yaser-asprilla
316,Pablo,Torre,03/04/2003,68,España.png,img/jugadores/Pablo Torre Carral.png,Mediocampista,75,https://www.pesmaster.com/es/pablo-torre/efootball-2022/player/153809/,https://youtu.be/lhIks9nBDDg?si=0pgUnK2aW6C68nqa,pablo-torre
321,Valentín,Gómez,26/06/2003,61,Argentina.png,img/jugadores/Valentín Gómez.png,Defensor,77,https://www.pesmaster.com/es/valentin-gomez/efootball-2022/player/152754/,https://youtu.be/nNzSeVgy7AI?si=sak1GuY9H3-rze1W,valentin-gomez
320,Sofyan,Amrabat,21/08/1996,61,Marruecos.png,img/jugadores/Sofyan Amrabat.png,Mediocampista,78,https://www.pesmaster.com/es/sofyan-amrabat/efootball-2022/player/104745/,https://youtu.be/Q78mEdv_LMc?si=RlGmTw9n1_qVk35P,sofyan-amrabat
319,Rodrigo,Riquelme,02/04/2000,61,España.png,img/jugadores/Rodrigo Riquelme Reche.png,Mediocampista,77,https://www.pesmaster.com/es/rodrigo-riquelme/efootball-2022/player/131334/,https://youtu.be/ym9GDV5f1bk?si=xE3IV9Igfclr1o2_,rodrigo-riquelme
318,Ez,Abde,17/12/2001,61,Marruecos.png,img/jugadores/Abdessamad Ezzalzouli.png,Delantero,80,https://www.pesmaster.com/es/abde-ezzalzouli/efootball-2022/player/148970/,https://youtu.be/dM5ciyr7DeU?si=-c5NesA8be032ky8,ez-abde
317,Antony,Matheus,24/02/2000,61,Brasil.png,img/jugadores/Antony Matheus dos Santos.png,Delantero,82,https://www.pesmaster.com/es/antony/efootball-2022/player/127160/,https://youtu.be/NI6cKV1uUa0?si=mw9mdkyNxnVNhZR8,antony-matheus
290,Andriy,Lunin,11/02/1999,70,Ucrania.png,img/jugadores/Andriy Lunin.png,Arquero,81,https://www.pesmaster.com/es/andriy-lunin/efootball-2022/player/123124/,https://youtu.be/Mlsb6eHSvqw?si=hQtoQ_4oR5FAu-6S,andriy-lunin
291,Raúl,Asencio,13/02/2003,70,España.png,img/jugadores/Raúl Asencio del Rosario.png,Defensor,77,https://www.pesmaster.com/es/raul-asencio/efootball-2022/player/171620/,https://youtu.be/mRpjz_Okx6s?si=-6TPstOKjCmyVYWj,raul-asencio
294,Álvaro,Carreras,23/03/2003,70,España.png,img/jugadores/Álvaro Fernández Carreras.png,Defensor,82,https://www.pesmaster.com/es/alvaro-carreras/efootball-2022/player/154986/,https://youtu.be/3Kl8GomEBxU?si=XWDcGlkyEnwgFnPl,alvaro-carreras
295,Fran,García,14/08/1999,70,España.png,img/jugadores/Francisco José García Torres.png,Defensor,81,https://www.pesmaster.com/es/fran-garcia/efootball-2022/player/127571/,https://youtu.be/OBi8_92ZXVg?si=B7ULO_3F4Vm_qpTx,fran-garcia
293,Dean,Huijsen,14/04/2005,70,España.png,img/jugadores/Dean Huijsen.png,Defensor,83,https://www.pesmaster.com/es/dean-huijsen/efootball-2022/player/159586/,https://youtu.be/qKl8mKcK_Jk?si=6wj3Em3eoRvIIAV0,dean-huijsen
296,Ferland,Mendy,08/06/1995,70,Francia.png,img/jugadores/Ferland Mendy.png,Defensor,80,https://www.pesmaster.com/es/ferland-mendy/efootball-2022/player/107889/,https://youtu.be/ESyb-Byl-6k?si=XfLCzFU0ZTPN_Ydm,ferland-mendy
292,Éder,Militão,18/01/1998,70,Brasil.png,img/jugadores/Éder Gabriel Militão.png,Defensor,84,https://www.pesmaster.com/es/eder-militao/efootball-2022/player/113525/,https://youtu.be/tcAWhXcv-7A?si=G_DspqqRtbAJkPre,eder-militao
302,Tchouaméni,Aurélien,27/01/2000,70,Francia.png,img/jugadores/Aurélien Tchouaméni.png,Mediocampista,85,https://www.pesmaster.com/es/aurelien-tchouameni/efootball-2022/player/119782/,https://youtu.be/8C-T4GMGGmo?si=QFWYtnSHXxnJFAm6,tchouameni-aurelien
298,Jude,Bellingham,29/06/2003,70,Inglaterra.png,img/jugadores/Jude Bellingham.png,Mediocampista,88,https://www.pesmaster.com/es/jude-bellingham/efootball-2022/player/132933/,https://youtu.be/qRCmwSGULPU?si=OMsSzkww_JXR-C2U,jude-bellingham
303,Eduardo,Camavinga,10/11/2002,70,Francia.png,img/jugadores/Eduardo Camavinga.png,Mediocampista,84,https://www.pesmaster.com/es/eduardo-camavinga/efootball-2022/player/128078/,https://youtu.be/VKDOeB5nJRM?si=W8BYYbZ_rUQG3R8l,eduardo-camavinga
305,Brahim,Díaz,03/08/1999,70,Marruecos.png,img/jugadores/Brahim Díaz.png,Mediocampista,82,https://www.pesmaster.com/es/brahim-diaz/efootball-2022/player/114566/,https://youtu.be/gsAKmEqB7Qc?si=YWmS-a2v34wdrO8b,brahim-diaz
299,Arda,Güler,25/02/2005,70,Turquía.png,img/jugadores/Arda Güler.png,Mediocampista,82,https://www.pesmaster.com/es/arda-guler/efootball-2022/player/141578/,https://youtu.be/r8m6UMBfYQU?si=YV1ljfxI38i9WaTC,arda-guler
297,Federico,Valverde,22/07/1998,70,Uruguay.png,img/jugadores/Federico Valverde.png,Mediocampista,89,https://www.pesmaster.com/es/federico-valverde/efootball-2022/player/113911/,https://youtu.be/7Cngf5Flh-g?si=zSZa6tDSz4vGTmKF,federico-valverde
308,Endrick,Felipe,21/07/2006,70,Brasil.png,img/jugadores/Endrick Felipe Moreira de Sousa.png,Delantero,78,https://www.pesmaster.com/es/endrick/efootball-2022/player/157472/,https://youtu.be/6E-exvYbgGw?si=Po86ORrlSmSJymJ-,endrick-felipe
307,Gonzalo,García,24/03/2004,70,España.png,img/jugadores/Gonzalo García Torres.png,Delantero,76,https://www.pesmaster.com/es/gonzalo-garcia/efootball-2022/player/155208/,https://youtu.be/R1-rWIE0lRE?si=LVezkb3TCs4rzW5F,gonzalo-garcia
301,Rodrygo,Goes,09/01/2001,70,Brasil.png,img/jugadores/Rodrygo Silva de Goes.png,Delantero,86,https://www.pesmaster.com/es/rodrygo/efootball-2022/player/118977/,https://youtu.be/x0zhXmOp6BM?si=0AXUV2RQ6MZb2gw7,rodrygo-goes
304,Vinícius,Júnior,12/07/2000,70,Brasil.png,img/jugadores/Vinícius José de Oliveira Júnior.png,Delantero,89,https://www.pesmaster.com/es/vinicius-junior/efootball-2022/player/117047/,https://youtu.be/MtUPLbPRFp4?si=j1tniOLuLntQ8DXi,vinicius-junior
300,Franco,Mastantuono,14/08/2007,70,Argentina.png,img/jugadores/Franco Mastantuono.png,Delantero,78,https://www.pesmaster.com/es/franco-mastantuono/efootball-2022/player/167997/,https://youtu.be/KTGjncEm0_I?si=ehKyz4-ITPqJLwAT,franco-mastantuono
306,Kylian,Mbappé,20/12/1998,70,Francia.png,img/jugadores/Kylian Mbappé.png,Delantero,92,https://www.pesmaster.com/es/kylian-mbappe/efootball-2022/player/110718/,https://youtu.be/afntIY1LmkM?si=AEtKu7Vaq41MHFNC,kylian-mbappe
322,Salomón,Rondón,16/09/1989,71,Venezuela.png,img/jugadores/Salomón Rondón.png,Delantero,74,https://www.pesmaster.com/es/salomon-rondon/efootball-2022/player/39719/,https://youtu.be/hQA-Yi63hZ4?si=xDCVgOQ65S1HAXur,salomon-rondon
324,Jon,Aramburu,23/07/2002,73,Venezuela.png,img/jugadores/Jon Mikel Aramburu.png,Defensor,77,https://www.pesmaster.com/es/jon-aramburu/efootball-2022/player/162605/,https://youtu.be/MgZDuQQHotE?si=cz6MGLE4bGyrHioe,jon-aramburu
323,Sergio,Gómez,04/09/2000,73,España.png,img/jugadores/Sergio Gómez Martín.png,Defensor,78,https://www.pesmaster.com/es/sergio-gomez/efootball-2022/player/119131/,https://youtu.be/0dsOqz1uI9A?si=5jvZGWPxiDstY9mX,sergio-gomez
325,Takefusa,Kubo,04/06/2001,73,Japón.png,img/jugadores/Takefusa Kubo.png,Delantero,82,https://www.pesmaster.com/es/takefusa-kubo/efootball-2022/player/121864/,https://youtu.be/Jk2I4dHLyIU?si=Z1GHsf83Ds05m4vM,takefusa-kubo
326,Gabriel,Suazo,09/08/1997,74,Chile.png,img/jugadores/Gabriel Suazo.png,Defensor,77,https://www.pesmaster.com/es/gabriel-suazo/efootball-2022/player/108881/,https://youtu.be/cbCF1w2tnRE?si=iRcidgeopllaPoQJ,gabriel-suazo
328,Lucas,Beltrán,29/03/2001,75,Argentina.png,img/jugadores/Lucas Beltrán.png,Delantero,77,https://www.pesmaster.com/es/lucas-beltran/efootball-2022/player/127199/,https://youtu.be/XkZRWjwhb3o?si=t8okPXHNjjr_qm4j,lucas-beltran
327,Arnaut,Danjuma,31/01/1997,75,Holanda.png,img/jugadores/Arnaut Danjuma.png,Delantero,76,https://www.pesmaster.com/es/arnaut-danjuma/efootball-2022/player/114410/,https://youtu.be/eIywLXPSuBw?si=cAt9ptUDnd_7Rk_g,arnaut-danjuma
330,Foyth,Juan,12/01/1998,76,Argentina.png,img/jugadores/Juan Foyth.png,Defensor,79,https://www.pesmaster.com/es/juan-foyth/efootball-2022/player/114381/,https://youtu.be/0gtFp5IN0y4?si=eWByqPgTpdjHGe7X,foyth-juan
329,Renato,Veiga,29/07/2003,76,Portugal.png,img/jugadores/Renato Palma Veiga.png,Defensor,77,https://www.pesmaster.com/es/renato-veiga/efootball-2022/player/153210/,https://youtu.be/2NuNKX7R8MI?si=yncBOpBfemMiuN5h,renato-veiga
410,Kevin,Quevedo,22/02/1997,116,Perú,img/jugadores/Kevin Quevedo.png,Delantero,71,https://www.pesmaster.com/es/k-quevedo/pes-2021/player/117532/,https://youtu.be/2PgWQaLlcxo?si=TywvU0iXfk-eB_0o,kevin-quevedo
400,Claudio,Aquino,24/07/1991,100,Argentina.png,img/jugadores/Claudio Aquino.png,Mediocampista,75,https://www.pesmaster.com/es/claudio-aquino/efootball-2022/player/60684/,https://youtu.be/TlXxeGf9M8Y?si=S7uR6taLgK9DHsRp,claudio-aquino
406,Gastón,Campi,06/04/1991,110,Argentina.png,img/jugadores/Gastón Campi.png,Defensor,69,https://www.pesmaster.com/es/gaston-campi/efootball-2022/player/61126/,https://youtu.be/j-zdAkL5jSE?si=XZM9IGKPewVfEvtCGastón Campi,gaston-campi
221,Lucas,Beraldo,24/11/2003,51,Brasil.png,img/jugadores/Lucas Lopes Beraldo.png,Defensor,80,https://www.pesmaster.com/es/beraldo/efootball-2022/player/143844/,https://youtu.be/vaxDTayxjjA?si=uWSvuqvZYvSR66i2,lucas-beraldo
219,Achraf,Hakimi,04/11/1998,51,Marruecos.png,img/jugadores/Achraf Hakimi.png,Defensor,88,https://www.pesmaster.com/es/achraf-hakimi/efootball-2022/player/113960/,https://youtu.be/udHlWz0WmJ8?si=lQ2YElb5J4s2-f8U,achraf-hakimi
222,Nuno,Mendes,19/06/2002,51,Portugal.png,img/jugadores/Nuno Alexandre Tavares Mendes.png,Defensor,87,https://www.pesmaster.com/es/nuno-mendes/efootball-2022/player/132756/,https://youtu.be/OcxsyVasw58?si=a8qs-eGr1vYclSJS,nuno-mendes
220,Willian,Pacho,16/10/2001,51,Ecuador.png,img/jugadores/Willian Pacho.png,Defensor,85,https://www.pesmaster.com/es/willian-pacho/efootball-2022/player/152458/,https://youtu.be/-FTX4yFLgB0?si=mcPGKGyGiXx0_35m,willian-pacho
223,Vitinha,Machado,13/02/2000,51,Portugal.png,img/jugadores/Vítor Machado Ferreira.png,Mediocampista,89,https://www.pesmaster.com/es/vitinha/efootball-2022/player/135067/,https://youtu.be/Ssg1eyNMYAQ?si=Sea5S-SvRLwA7CjQ,vitinha-machado
225,João,Neves,27/09/2004,51,Portugal.png,img/jugadores/João Pedro Gonçalves Neves.png,Mediocampista,86,https://www.pesmaster.com/es/joao-neves/efootball-2022/player/159320/,https://youtu.be/PQh81oCI5T4?si=omduTM1JY_vqJ-Uq,joao-neves
226,Fabián,Ruiz,03/04/1996,51,España.png,img/jugadores/Fabián Ruiz Peña.png,Mediocampista,86,https://www.pesmaster.com/es/fabian-ruiz/efootball-2022/player/108239/,https://youtu.be/zhX8Q-zGjxI?si=59pQ8YGLQjjZXcQT,fabian-ruiz
224,Warren,Zaïre-Emery,08/03/2006,51,Francia.png,img/jugadores/Warren Zaïre-Emery.png,Mediocampista,80,https://www.pesmaster.com/es/warren-zaireemery/efootball-2022/player/157339/,https://youtu.be/4okhAZyueX0?si=4nmnu0nwEAWrnuET,warren-zaire-emery
227,Bradley,Barcola,02/09/2002,51,Francia.png,img/jugadores/Bradley Barcola.png,Delantero,85,https://www.pesmaster.com/es/bradley-barcola/efootball-2022/player/147955/,https://youtu.be/U5euschBLVo?si=RAIEGOTLpcW_3oIe,bradley-barcola
228,Désiré,Doué,03/06/2005,51,Francia.png,img/jugadores/Désiré Doué.png,Delantero,86,https://www.pesmaster.com/es/desire-doue/efootball-2022/player/152928/,https://youtu.be/3rRTMb4_oOE?si=266gR6S_TZu3s9W9,desire-doue
231,Khvicha,Kvaratskhelia,12/02/2001,51,Georgia.png,img/jugadores/Khvicha Kvaratskhelia.png,Delantero,87,https://www.pesmaster.com/es/k-kvaratskhelia/efootball-2022/player/128720/,https://youtu.be/XNNZ55aanrI?si=KwZ87DnF9DPxp9qV,khvicha-kvaratskhelia
229,Kang-in,Lee,19/02/2001,51,Corea del Sur.png,img/jugadores/Kang-in Lee.png,Delantero,79,https://www.pesmaster.com/es/lee-kangin/efootball-2022/player/126425/,https://youtu.be/KlO2PzWJAKg?si=qIthdleW_EmuaEsQ,kang-in-lee
230,Gonçalo,Ramos,20/06/2001,51,Portugal.png,img/jugadores/Gonçalo Matias Ramos.png,Delantero,81,https://www.pesmaster.com/es/goncalo-ramos/efootball-2022/player/134794/,https://youtu.be/t3L2UQvaPTI?si=3DAmivg5FiwWET1x,goncalo-ramos
402,Tomás,Avilés,03/02/2004,102,Argentina.png,img/jugadores/Tomás Agustín Avilés.png,Defensor,72,https://www.pesmaster.com/es/tomas-aviles/efootball-2022/player/160151/,https://youtu.be/YxQuZC4Q8uo?si=XHwWuATvXenDMSRQ,tomas-aviles
401,Marcelo,Weigandt,11/01/2000,102,Argentina.png,img/jugadores/Marcelo Weigandt.png,Defensor,72,https://www.pesmaster.com/es/marcelo-weigandt/efootball-2022/player/127201/,https://youtu.be/k5x7LOS4G60?si=TJ29EY7e6OD514TM,marcelo-weigandt
403,Rodrigo,De Paul,24/05/1994,102,Argentina.png,img/jugadores/Rodrigo De Paul.png,Mediocampista,84,https://www.pesmaster.com/es/rodrigo-de-paul/efootball-2022/player/60241/,https://youtu.be/4H27UF6k0aM?si=jBKhnpnOnIl05WLV,rodrigo-de-paul
404,Lionel,Messi,24/06/1987,102,Argentina.png,img/jugadores/Lionel Andrés Messi Cuccitini.png,Delantero,87,https://www.pesmaster.com/es/lionel-messi/efootball-2022/player/7511/,https://youtu.be/MPH6BzCyjC8?si=Kor2mVnBVWHYvI4h,lionel-messi
405,Luis,Suárez,24/01/1987,102,Uruguay.png,img/jugadores/Luis Suárez.png,Delantero,79,https://www.pesmaster.com/es/luis-suarez/efootball-2022/player/34881/,https://youtu.be/Iue-XLOBs5Y?si=b8bu1j53CfRW2sTw,luis-suarez
105,Riccardo,Calafiori,19/05/2002,31,Italia.png,img/jugadores/Riccardo Calafiori.png,Defensor,81,https://www.pesmaster.com/es/riccardo-calafiori/efootball-2022/player/133678/,https://youtu.be/mSliorPwgFY?si=61nftjC41L1Rpell,riccardo-calafiori
109,Piero,Hincapié,09/01/2002,31,Ecuador.png,img/jugadores/Piero Hincapié.png,Defensor,84,https://www.pesmaster.com/es/piero-hincapie/efootball-2022/player/140051/,https://youtu.be/3WYwVHxftYA?si=jJDQ8gbIixcEDCcR,piero-hincapie
102,Myles,Lewis-Skelly,26/09/2006,31,Inglaterra.png,img/jugadores/Myles Lewis-Skelly.png,Defensor,78,https://www.pesmaster.com/es/myles-lewisskelly/efootball-2022/player/159437/,https://youtu.be/KXVU25PsTz4?si=GHTDb_FxhPvOMdEx,myles-lewis-skelly
104,Gabriel,Magalhães,19/12/1997,31,Brasil.png,img/jugadores/Gabriel dos Santos Magalhães.png,Defensor,88,https://www.pesmaster.com/es/gabriel-magalhaes/efootball-2022/player/111207/,https://youtu.be/CZVGE1GmwZ0?si=HKUFyG-yqaoyy2wz,gabriel-magalhaes
101,Cristhian,Mosquera,27/06/2004,31,España.png,img/jugadores/Cristhian Andrey Mosquera.png,Defensor,78,https://www.pesmaster.com/es/cristhian-mosquera/efootball-2022/player/148009/,https://youtu.be/HiJ-ftDXYis?si=F3T5t3VcKtQbNGfA,cristhian-mosquera
103,William,Saliba,24/03/2001,31,Francia.png,img/jugadores/William Alain André Gabriel Saliba.png,Defensor,87,https://www.pesmaster.com/es/william-saliba/efootball-2022/player/126689/,https://youtu.be/n2_NHu4gcys?si=J_Yw5CXdi6WHKEAw,william-saliba
114,Jurriën,Timber,17/06/2001,31,Holanda.png,img/jugadores/Jurriën Timber.png,Defensor,85,https://www.pesmaster.com/es/jurrien-timber/efootball-2022/player/132155/,https://youtu.be/B2mhWZPZoSg?si=26l2DQs3S3A-Eduz,jurrien-timber
113,Ben,White,08/10/1997,31,Inglaterra.png,img/jugadores/Benjamin White.png,Defensor,83,https://www.pesmaster.com/es/ben-white/efootball-2022/player/114044/,https://youtu.be/yEqQVANKoN4?si=C-gtkgI7dN-Iw-Ge,ben-white
99,Eberechi,Eze,29/06/1998,31,Inglaterra.png,img/jugadores/Eberechi Oluchi Eze.png,Mediocampista,84,https://www.pesmaster.com/es/eberechi-eze/efootball-2022/player/114906/,https://youtu.be/BL06IjQZqdQ?si=Xl78ZDR2sRVtngAP,eberechi-eze
112,Declan,Rice,14/01/1999,31,Inglaterra.png,img/jugadores/Declan Rice.png,Mediocampista,88,https://www.pesmaster.com/es/declan-rice/efootball-2022/player/108959/,https://youtu.be/XFHGkiEm7Zs?si=8SCYcJUtXF2i4j1n,declan-rice
100,Martín,Zubimendi,02/02/1999,31,España.png,img/jugadores/Martín Zubimendi Ibáñez.png,Mediocampista,84,https://www.pesmaster.com/es/martin-zubimendi/efootball-2022/player/130202/,https://youtu.be/a5cJiqPOEK8?si=Hqp5ejzKPijqQwof,martin-zubimendi
107,Kai,Havertz,11/06/1999,31,Alemania.png,img/jugadores/Kai Havertz.png,Delantero,83,https://www.pesmaster.com/es/kai-havertz/efootball-2022/player/114506/,https://youtu.be/lZuA6i6tVas?si=cgE9stRXH-jBlfQu,kai-havertz
122,Noni,Madueke,10/03/2002,31,Inglaterra.png,img/jugadores/Noni Madueke.png,Delantero,81,https://www.pesmaster.com/es/noni-madueke/efootball-2022/player/133299/,https://youtu.be/v9_rcQOfetA?si=Cc2lfpCEyghnKwqa,noni-madueke
110,Gabriel,Martinelli,18/06/2001,31,Brasil.png,img/jugadores/Gabriel Teodoro Martinelli.png,Delantero,82,https://www.pesmaster.com/es/gabriel-martinelli/efootball-2022/player/132518/,https://youtu.be/072Auhdic6c?si=f5NDtCcAjeo5aJJE,gabriel-martinelli
108,Ethan,Nwaneri,21/03/2007,31,Inglaterra.png,img/jugadores/Ethan Nwaneri.png,Delantero,76,https://www.pesmaster.com/es/ethan-nwaneri/efootball-2022/player/158568/,https://youtu.be/F0CkSNMEB24?si=8V4L8zahx3-1hkzb,ethan-nwaneri
106,Bukayo,Saka,05/09/2001,31,Inglaterra.png,img/jugadores/Bukayo Saka.png,Delantero,88,https://www.pesmaster.com/es/bukayo-saka/efootball-2022/player/127544/,https://youtu.be/2LU9Ns5LBw4?si=vu0-4Md98fNeA9Et,bukayo-saka
111,Leandro,Trossard,04/12/1994,31,Belgica.png,img/jugadores/Leandro Trossard.png,Delantero,82,https://www.pesmaster.com/es/leandro-trossard/efootball-2022/player/119700/,https://youtu.be/1LWZkXbP4bQ?si=i5Kr0kdXVOAJjBfn,leandro-trossard
193,Emiliano,Martínez,02/09/1992,32,Argentina.png,img/jugadores/Emiliano Martínez.png,Arquero,86,https://www.pesmaster.com/es/emiliano-martinez/efootball-2022/player/101076/,https://youtu.be/r93wkJBVjcw?si=-rl2J6p2PQ5NWL8b,emiliano-martinez
194,Pau,Torres,16/01/1997,32,España.png,img/jugadores/Pau Francisco Torres.png,Defensor,79,https://www.pesmaster.com/es/pau-torres/efootball-2022/player/114910/,https://youtu.be/jrC5TGtt7J0?si=1wkoPVRwTg80veuY,pau-torres
196,Harvey,Elliott,04/04/2003,32,Inglaterra.png,img/jugadores/Harvey Elliott.png,Mediocampista,79,https://www.pesmaster.com/es/harvey-elliott/efootball-2022/player/127114/,https://youtu.be/Bxrt__j0Ez8?si=JrDB6IefG1TDXMtb,harvey-elliott
195,Donyell,Malen,19/01/1999,32,Holanda.png,img/jugadores/Donyell Malen.png,Delantero,80,https://www.pesmaster.com/es/donyell-malen/efootball-2022/player/117932/,https://youtu.be/sr4RumuskQs?si=UluljBdMMkSF4bhS,donyell-malen
197,Jadon,Sancho,25/03/2000,32,Inglaterra.png,img/jugadores/Jadon Sancho.png,Delantero,80,https://www.pesmaster.com/es/jadon-sancho/efootball-2022/player/118007/,https://youtu.be/hRo-qf-p2oo?si=BMXYvjZR-O8a9EUI,jadon-sancho
198,Ollie,Watkins,30/12/1995,32,Inglaterra.png,img/jugadores/Ollie Watkins.png,Delantero,84,https://www.pesmaster.com/es/ollie-watkins/efootball-2022/player/118042/,https://youtu.be/ijSGXNqQwqA?si=QL_u8X5U8aNDcJYf,ollie-watkins
192,Julio,Soler,16/02/2005,33,Argentina.png,img/jugadores/Julio Soler.png,Defensor,73,https://www.pesmaster.com/es/julio-soler/efootball-2022/player/154158/,https://youtu.be/81i57kQS6AY?si=bnDR_GADdKsV-Qcz,julio-soler
190,Amine,Adli,10/05/2000,33,Marruecos.png,img/jugadores/Amine Adli.png,Delantero,79,https://www.pesmaster.com/es/amine-adli/efootball-2022/player/133023/,https://youtu.be/TvUjm2RXR1s?si=Yw3WrQX7Agc8gLPi,amine-adli
191,Evanilson,de Lima,06/10/1999,33,Brasil.png,img/jugadores/Francisco Evanilson de Lima Barbosa.png,Delantero,80,https://www.pesmaster.com/es/evanilson/efootball-2022/player/121276/,https://youtu.be/FPqOhnOgf5o?si=5dSEEih0SWSRvp0o,evanilson-de-lima
416,Antoine,Semenyo,07/01/2000,33,Ghana.png,img/jugadores/Antoine Semenyo.png,Delantero,82,https://www.pesmaster.com/es/antoine-semenyo/efootball-2022/player/124266/,https://youtu.be/4kR71-ZeIRk?si=0vsxpxiXfZ2NF440,antoine-semenyo
98,Carlos,Baleba,03/01/2004,35,Camerun.png,img/jugadores/Carlos Baleba.png,Mediocampista,81,https://www.pesmaster.com/es/carlos-baleba/efootball-2022/player/153467/,https://www.youtube.com/watch?v=K_N110fi5Sw&list=PLu4hSv_ZBnr8zFf8juq6p02p05cT7cJhu&index=160,carlos-baleba
199,Diego,Gómez,27/03/2003,35,Paraguay.png,img/jugadores/Diego Gómez.png,Mediocampista,77,https://www.pesmaster.com/es/diego-gomez/efootball-2022/player/161232/,https://youtu.be/ltkKpT2a6Mg?si=n0mO7-vs3gpo3gq9,diego-gomez
200,Kaoru,Mitoma,20/05/1997,35,Japón.png,img/jugadores/Kaoru Mitoma.png,Delantero,84,https://www.pesmaster.com/es/kaoru-mitoma/efootball-2022/player/126860/,https://youtu.be/4EKqOnGN7yc?si=2UMwebzgLDtXKAQe,kaoru-mitoma
254,Oliver,Sonne,10/11/2000,36,Perú.png,img/jugadores/Oliver Sonne.png,Defensor,73,https://www.pesmaster.com/es/oliver-sonne/efootball-2022/player/138287/,https://youtu.be/4rhaQQ20rzM?si=6uio_vhltNJkxD4D,oliver-sonne
115,Robert,Sánchez,18/11/1997,37,España.png,img/jugadores/Robert Lynch Sánchez.png,Arquero,81,https://www.pesmaster.com/es/robert-sanchez/efootball-2022/player/128299/,https://youtu.be/SlZGiZE7PhI?si=9XLcoip6pYfvdH1a,robert-sanchez
117,Benoît,Badiashile,26/03/2001,37,Francia.png,img/jugadores/Benoît Badiashile.png,Defensor,77,https://www.pesmaster.com/es/benoit-badiashile/efootball-2022/player/127206/,https://youtu.be/5h6ec9AanTw?si=ET83UFZMpUHqPoZD,benoit-badiashile
131,Marc,Cucurella,22/07/1998,37,España.png,img/jugadores/Marc Cucurella Saseta.png,Defensor,85,https://www.pesmaster.com/es/marc-cucurella/efootball-2022/player/116575/,https://youtu.be/9Nbki9B-9OQ?si=niDlDVUvm8Ptpz1n,marc-cucurella
116,Wesley,Fofana,17/12/2000,37,Francia.png,img/jugadores/Wesley Fofana.png,Defensor,79,https://www.pesmaster.com/es/wesley-fofana/efootball-2022/player/121373/,https://youtu.be/1Qqw4PywT18?si=q-Kh20pcLN7M_7wX,wesley-fofana
118,Reece,James,08/12/1999,37,Inglaterra.png,img/jugadores/Reece James.png,Defensor,84,https://www.pesmaster.com/es/reece-james/efootball-2022/player/126046/,https://youtu.be/XI37vMI32vY?si=nIwCynZoQlSa27XU,reece-james
133,Facundo,Buonanotte,23/12/2004,37,Argentina.png,img/jugadores/Facundo Buonanotte.png,Mediocampista,75,https://www.pesmaster.com/es/facundo-buonanotte/efootball-2022/player/144140/,https://youtu.be/zwoaN58o9Sw?si=CXKfRHJ9p4KnCHfd,facundo-buonanotte
120,Moisés,Caicedo,02/11/2001,37,Ecuador.png,img/jugadores/Moisés Caicedo.png,Mediocampista,88,https://www.pesmaster.com/es/moises-caicedo/efootball-2022/player/143196/,https://youtu.be/Alc2rYePYrs?si=CLMLl6401PtrBzeX,moises-caicedo
121,Enzo,Fernández,17/01/2001,37,Argentina.png,img/jugadores/Enzo Fernández.png,Mediocampista,86,https://www.pesmaster.com/es/enzo-fernandez/efootball-2022/player/128281/,https://youtu.be/Tht9cTzRp8A?si=vBzyHktkKIAco7kL,enzo-fernandez
119,Roméo,Lavia,06/01/2004,37,Belgica.png,img/jugadores/Romeo Lavia.png,Mediocampista,79,https://www.pesmaster.com/es/romeo-lavia/efootball-2022/player/147964/,https://youtu.be/aoDGbktDPbU?si=h_9NvTZwHRc0Dv4c,romeo-lavia
124,Cole,Palmer,06/05/2002,37,Inglaterra.png,img/jugadores/Cole Palmer.png,Mediocampista,89,https://www.pesmaster.com/es/cole-palmer/efootball-2022/player/138156/,https://youtu.be/t3VSWfCYGpg?si=jSNiy3u6H-ZlbEGU,cole-palmer
130,Andrey,Santos,03/05/2004,37,Brasil.png,img/jugadores/Andrey N. dos Santos.png,Mediocampista,80,https://www.pesmaster.com/es/andrey-santos/efootball-2022/player/143567/,https://youtu.be/mU2BeiyRu1U?si=B5YzRwVdnmfa75Rs,andrey-santos
129,Liam,Delap,08/02/2003,37,Inglaterra.png,img/jugadores/Liam Delap.png,Delantero,78,https://www.pesmaster.com/es/liam-delap/efootball-2022/player/140760/,https://youtu.be/eBV9_Z0uRKc?si=H0SCBAyGl2tZsL8w,liam-delap
134,Alejandro,Garnacho,01/07/2004,37,Argentina.png,img/jugadores/Alejandro Garnacho Ferreyra.png,Delantero,79,https://www.pesmaster.com/es/alejandro-garnacho/efootball-2022/player/154863/,https://youtu.be/QiS0TAjjR4Q?si=UUBEMx2Sctt8uZPE,alejandro-garnacho
132,Jamie,Gittens,08/08/2004,37,Inglaterra.png,img/jugadores/Jamie Gittens.png,Delantero,78,https://www.pesmaster.com/es/jamie-gittens/efootball-2022/player/174092/,https://youtu.be/RdQy8H9b6gE?si=k8DZKfkbIm_e4cAY,jamie-gittens
127,Marc,Guiu,04/01/2006,37,España.png,img/jugadores/Marc Guiu Paz.png,Delantero,73,https://www.pesmaster.com/es/marc-guiu/efootball-2022/player/163048/,https://youtu.be/CD2uUCh-bBI?si=iCClx45PY8-EkHAA,marc-guiu
123,Mykhailo,Mudryk,05/01/2001,37,Ucrania.png,img/jugadores/Mykhailo Mudryk.png,Delantero,75,https://www.pesmaster.com/es/mykhailo-mudryk/efootball-2022/player/127322/,https://youtu.be/hnjPRJWrW_M?si=-tiwIDjwQzeGRe35,mykhailo-mudryk
125,Pedro,Neto,09/03/2000,37,Portugal.png,img/jugadores/Pedro Lomba Neto.png,Delantero,83,https://www.pesmaster.com/es/pedro-neto/efootball-2022/player/117087/,https://youtu.be/1dXpBwODVTs?si=147RmMXpEbFrYG_Z,pedro-neto
128,João,Pedro,26/09/2001,37,Brasil.png,img/jugadores/João Pedro Junqueira de Jesus.png,Delantero,82,https://www.pesmaster.com/es/joao-pedro/efootball-2022/player/127787/,https://youtu.be/tFk3nuo1BuA?si=MWfYnD-syywX6xyf,joao-pedro
126,Estêvão,Willian,24/04/2007,37,Brasil.png,img/jugadores/Estevão Willian.png,Delantero,79,https://www.pesmaster.com/es/estevao/efootball-2022/player/167167/,https://youtu.be/jSt1pL3RJd8?si=MEQITKIJEcQSZd_5,estevao-willian
201,Daniel,Muñoz,26/05/1996,38,Colombia.png,img/jugadores/Daniel Muñoz.png,Defensor,83,https://www.pesmaster.com/es/daniel-munoz/efootball-2022/player/120240/,https://youtu.be/Ti_DT57orX8?si=-VXD-Pdzh6I9MnL7,daniel-munoz
203,Carlos,Alcaraz,30/11/2002,39,Argentina.png,img/jugadores/Carlos Alcaraz.png,Mediocampista,75,https://www.pesmaster.com/es/carlos-alcaraz/efootball-2022/player/135143/,https://youtu.be/loe2pb1_ZpI?si=_FfVumhKVI5u6Ko5,carlos-alcaraz
202,Jack,Grealish,10/09/1995,39,Inglaterra.png,img/jugadores/Jack Grealish.png,Delantero,81,https://www.pesmaster.com/es/jack-grealish/efootball-2022/player/101115/,https://youtu.be/Luvdk98VkkA?si=CKP73kt-l-MkaWq8,jack-grealish
204,Adama,Traoré,25/01/1996,40,España.png,img/jugadores/Adama Traoré Diarra.png,Delantero,76,https://www.pesmaster.com/es/adama-traore/efootball-2022/player/61050/,https://youtu.be/Hl7pqQxNL-c?si=w5Hi9ImRUpeH_gWH,adama-traore
168,Conor,Bradley,09/07/2003,42,Irlanda del Norte.png,img/jugadores/Conor Bradley.png,Defensor,79,https://www.pesmaster.com/es/conor-bradley/efootball-2022/player/146461/,https://youtu.be/zVWfgkD6yhw?si=Mn1fYUXFiXfs0Ga6,conor-bradley
167,Jeremie,Frimpong,10/12/2000,42,Holanda.png,img/jugadores/Jeremie Frimpong.png,Defensor,85,https://www.pesmaster.com/es/jeremie-frimpong/efootball-2022/player/133594/,https://youtu.be/ZVhnH9Yk3AQ?si=cShhzyCmEsnBDVkT,jeremie-frimpong
169,Milos,Kerkez,07/11/2003,42,Hungria.png,img/jugadores/Milos Kerkez.png,Defensor,83,https://www.pesmaster.com/es/milos-kerkez/efootball-2022/player/146650/,https://youtu.be/emwgQiPaxEA?si=342RC_OTSz7_JaNI,milos-kerkez
171,Stefan,Bajcetic,22/10/2004,42,España.png,img/jugadores/Stefan Bajcetic Maquieira.png,Mediocampista,76,https://www.pesmaster.com/es/stefan-bajcetic/efootball-2022/player/157165/,https://youtu.be/JKql6PPDCao?si=YAuk_LpXFBIn6AkZ,stefan-bajcetic
170,Ryan,Gravenberch,16/05/2002,42,Holanda.png,img/jugadores/Ryan Gravenberch.png,Mediocampista,85,https://www.pesmaster.com/es/ryan-gravenberch/efootball-2022/player/127069/,https://youtu.be/FHa5r4ynt9Q?si=vRLe3kT1z0CiGDzF,ryan-gravenberch
172,Alexis,Mac Allister,24/12/1998,42,Argentina.png,img/jugadores/Alexis Mac Allister.png,Mediocampista,87,https://www.pesmaster.com/es/alexis-mac-allister/efootball-2022/player/116543/,https://youtu.be/PmKTjIZ9gag?si=USE3zajtCLHZJnQT,alexis-mac-allister
174,Dominik,Szoboszlai,25/10/2000,42,Hungria.png,img/jugadores/Dominik Szoboszlai.png,Mediocampista,84,https://www.pesmaster.com/es/dominik-szoboszlai/efootball-2022/player/130319/,https://youtu.be/-jq3YlEWNDU?si=uiAo573M9NujjCkP,dominik-szoboszlai
173,Florian,Wirtz,03/05/2003,42,Alemania.png,img/jugadores/Florian Richard Wirtz.png,Mediocampista,88,https://www.pesmaster.com/es/florian-wirtz/efootball-2022/player/137924/,https://youtu.be/DrpOZWR2ShI?si=4m-YRUl2eple8Mon,florian-wirtz
177,Hugo,Ekitike,20/06/2002,42,Francia.png,img/jugadores/Hugo Ekitiké.png,Delantero,83,https://www.pesmaster.com/es/hugo-ekitike/efootball-2022/player/139679/,https://youtu.be/G-LAHGXocOw?si=NYz1rkEM6LXE7fpm,hugo-ekitike
176,Cody,Gakpo,07/05/1999,42,Holanda.png,img/jugadores/Cody Gakpo.png,Delantero,85,https://www.pesmaster.com/es/cody-gakpo/efootball-2022/player/122012/,https://youtu.be/yte-sejUq00?si=h1RB5rzsHO7BW0fh,cody-gakpo
175,Mohamed,Salah,15/06/1992,42,Egipto.png,img/jugadores/Mohamed Salah Hamed Ghaly.png,Delantero,91,https://www.pesmaster.com/es/mohamed-salah/efootball-2022/player/57123/,https://youtu.be/VtXSot6hvBA?si=DJcRHSbcqiDzkOuB,mohamed-salah
153,Stefan,Ortega,06/11/1992,43,Alemania.png,img/jugadores/Stefan Ortega.png,Arquero,80,https://www.pesmaster.com/es/stefan-ortega/efootball-2022/player/142089/,https://youtu.be/EqDjSwD9ExI?si=aNd3EYVs6JBLKuHB,stefan-ortega
151,Nathan,Aké,18/02/1995,43,Holanda.png,img/jugadores/Nathan Aké.png,Defensor,81,https://www.pesmaster.com/es/nathan-ake/efootball-2022/player/59766/,https://youtu.be/_YsdOWhgVqw?si=njUpkJFq_dYtNMtK,nathan-ake
152,Rayan,Aït-Nouri,06/06/2001,43,Argelia.png,img/jugadores/Rayan Aït-Nouri.png,Defensor,82,https://www.pesmaster.com/es/rayan-aitnouri/efootball-2022/player/123232/,https://youtu.be/DdCL31NiYD0?si=OfUKFASA5vAOhokn,rayan-ait-nouri
155,Rúben,Dias,14/05/1997,43,Portugal.png,img/jugadores/Rúben Santos Gato Alves Dias.png,Defensor,86,https://www.pesmaster.com/es/ruben-dias/efootball-2022/player/111800/,https://youtu.be/XiPtt0kW5To?si=UjqYQrtf96NOdw4s,ruben-dias
150,Joško,Gvardiol,23/01/2002,43,Croacia.png,img/jugadores/Joško Gvardiol.png,Defensor,87,https://www.pesmaster.com/es/josko-gvardiol/efootball-2022/player/132192/,https://youtu.be/iffiR8mDMdc?si=I5Av0dt4WWXCFXae,josko-gvardiol
149,Abdukodir,Khusanov,29/02/2004,43,Uzbekistan.png,img/jugadores/Abdukodir Khusanov.png,Defensor,78,https://www.pesmaster.com/es/abdukodir-khusanov/efootball-2022/player/164876/,https://youtu.be/I_GCMxO1SR4?si=LG6FFzsfGdRokHV8,abdukodir-khusanov
154,Nico,Lewis,21/11/2004,43,Inglaterra.png,img/jugadores/Rico Lewis.png,Defensor,76,https://www.pesmaster.com/es/rico-lewis/efootball-2022/player/157391/,https://youtu.be/i8yEiHInYkc?si=ECDu98PYILpM9tnN,nico-lewis
156,Rodri,Hernández,22/06/1996,43,España.png,img/jugadores/Rodrigo Hernández Cascante.png,Mediocampista,88,https://www.pesmaster.com/es/rodri/efootball-2022/player/110815/,https://youtu.be/4FtVTiLPZS8?si=vWLUvoV9Bv0BOQ5P,rodri-hernandez
157,Kalvin,Phillips,02/12/1995,43,Inglaterra.png,img/jugadores/Kalvin Phillips.png,Mediocampista,75,https://www.pesmaster.com/es/kalvin-phillips/efootball-2022/player/110356/,https://youtu.be/YpCm-uSI8RY?si=-oExVvsppQCSTMfd,kalvin-phillips
158,Tijjani,Reijnders,29/07/1998,43,Holanda.png,img/jugadores/Tijjani Reijnders.png,Mediocampista,86,https://www.pesmaster.com/es/tijjani-reijnders/efootball-2022/player/118274/,https://youtu.be/5VaQsQRZzCs?si=HV7fFlSNQ75LG9SB,tijjani-reijnders
161,Bernardo,Silva,10/08/1994,43,Portugal.png,img/jugadores/Bernardo Mota Carvalho e Silva.png,Mediocampista,84,https://www.pesmaster.com/es/bernardo-silva/efootball-2022/player/104226/,https://youtu.be/kfDUT7gpq1s?si=Zr9mTJhZtJ6T3zsa,bernardo-silva
160,Oscar,Bobb,12/07/2003,43,Noruega.png,img/jugadores/Oscar Bobb.png,Delantero,75,https://www.pesmaster.com/es/oscar-bobb/efootball-2022/player/152123/,https://youtu.be/p9-uxqbn51Q?si=2cXjcfpPBVL_JzVS,oscar-bobb
159,Rayan,Cherki,17/08/2003,43,Francia.png,img/jugadores/Rayan Cherki.png,Delantero,83,https://www.pesmaster.com/es/rayan-cherki/efootball-2022/player/133653/,https://youtu.be/1kFlSOv5m2Q?si=F0kR2-FearPcQ_yY,rayan-cherki
163,Jérémy,Doku,27/05/2002,43,Belgica.png,img/jugadores/Jérémy Doku.png,Delantero,83,https://www.pesmaster.com/es/jeremy-doku/efootball-2022/player/127516/,https://youtu.be/TDMKmf8Joyk?si=3bWcXnVn6q79C7NM,jeremy-doku
162,Phil,Foden,28/05/2000,43,Inglaterra.png,img/jugadores/Phil Foden.png,Delantero,85,https://www.pesmaster.com/es/phil-foden/efootball-2022/player/114808/,https://youtu.be/ecfWXW7uy7Q?si=J15yAPPyiWAddKV4,phil-foden
165,Erling,Haaland,21/07/2000,43,Noruega.png,img/jugadores/Erling Haaland.png,Delantero,91,https://www.pesmaster.com/es/erling-haaland/efootball-2022/player/133543/,https://youtu.be/7g_ncxF75NI?si=wB3Ynn7BhYpFxSiZ,erling-haaland
166,Omar,Marmoush,07/02/1999,43,Egipto.png,img/jugadores/Omar Marmoush.png,Delantero,86,https://www.pesmaster.com/es/omar-marmoush/efootball-2022/player/142088/,https://youtu.be/_MBcM-JTFgc?si=te9GsrR4lQs_lXKT,omar-marmoush
164,Sávinho,Moreira,10/04/2004,43,Brasil.png,img/jugadores/Sávio Moreira de Oliveira.png,Delantero,83,https://www.pesmaster.com/es/savinho/efootball-2022/player/138662/,https://youtu.be/Pj6h6ukS-9c?si=npqcNXuYDgSZYHdg,savinho-moreira
178,Diogo,Dalot,18/03/1999,44,Portugal.png,img/jugadores/José Diogo Dalot Teixeira.png,Defensor,79,https://www.pesmaster.com/es/diogo-dalot/efootball-2022/player/118136/,https://youtu.be/fzCazO0fMOM?si=GL6N6ULi4E_Pyk2z,diogo-dalot
181,Ayden,Heaven,22/09/2006,44,Inglaterra.png,img/jugadores/Ayden Edford Heaven.png,Defensor,73,https://www.pesmaster.com/es/ayden-heaven/efootball-2022/player/168561/,https://youtu.be/DyZFTg7tuZM?si=Zfz_yj9boKKjyeVC,ayden-heaven
179,Leny,Yoro,13/11/2005,44,Francia.png,img/jugadores/Leny Yoro.png,Defensor,81,https://www.pesmaster.com/es/leny-yoro/efootball-2022/player/154889/,https://youtu.be/1IqQ7lVJsdE?si=Skv0d2KXZ40izTRH,leny-yoro
187,Bruno,Fernandes,08/09/1994,44,Portugal.png,img/jugadores/Bruno Miguel Borges Fernandes.png,Mediocampista,88,https://www.pesmaster.com/es/bruno-fernandes/efootball-2022/player/60512/,https://youtu.be/iBOsZLnhIGw?si=KPvIR5_VBHEhTmAa,bruno-fernandes
183,Kobbie,Mainoo,19/04/2005,44,Inglaterra.png,img/jugadores/Kobbie Mainoo.png,Mediocampista,77,https://www.pesmaster.com/es/kobbie-mainoo/efootball-2022/player/158740/,https://youtu.be/vgR7htrx1Ps?si=AQwbQj0TwXk_AKVH,kobbie-mainoo
188,Mason,Mount,10/01/1999,44,Inglaterra.png,img/jugadores/Mason Mount.png,Mediocampista,80,https://www.pesmaster.com/es/mason-mount/efootball-2022/player/118096/,https://youtu.be/HXVjcoXX0QA?si=3Tdo3czwqxU80lgI,mason-mount
182,Manuel,Ugarte,11/04/2001,44,Uruguay.png,img/jugadores/Manuel Ugarte.png,Mediocampista,80,https://www.pesmaster.com/es/manuel-ugarte/efootball-2022/player/142410/,https://youtu.be/xnfPUWOZkLU?si=n_nwH6y586h_l5dV,manuel-ugarte
189,Matheus,Cunha,27/05/1999,44,Brasil.png,img/jugadores/Matheus Santos Carneiro Da Cunha.png,Delantero,84,https://www.pesmaster.com/es/matheus-cunha/efootball-2022/player/119531/,https://youtu.be/n0mAvTB6qeE?si=QqlMve6qmIelkrE8,matheus-cunha
186,Bryan,Mbeumo,07/08/1999,44,Camerun.png,img/jugadores/Bryan Mbeumo.png,Delantero,86,https://www.pesmaster.com/es/bryan-mbeumo/efootball-2022/player/122333/,https://youtu.be/SQikq09G-mY?si=VvR3HehOAcXDLFaf,bryan-mbeumo
185,Joshua,Zirkzee,22/05/2001,44,Holanda.png,img/jugadores/Joshua Zirkzee.png,Delantero,78,https://www.pesmaster.com/es/joshua-zirkzee/efootball-2022/player/132216/,https://youtu.be/QSpxsTvZl3E?si=eQQWNsAWKRK6fEZy,joshua-zirkzee
184,Benjamin,Šeško,31/05/2003,44,Eslovenia.png,img/jugadores/Benjamin Šeško.png,Delantero,82,https://www.pesmaster.com/es/benjamin-sesko/efootball-2022/player/144440/,https://youtu.be/acwMltzilWo?si=yzsGK4uU4RViDAfW,benjamin-sesko
205,Aaron,Ramsdale,14/05/1998,45,Inglaterra.png,img/jugadores/Aaron Ramsdale.png,Arquero,78,https://www.pesmaster.com/es/aaron-ramsdale/efootball-2022/player/115228/,https://youtu.be/nuZUBSNl9FM?si=8njX_bRr2v2vJjcM,aaron-ramsdale
180,Lisandro,Martínez,18/01/1998,45,Argentina.png,img/jugadores/Lisandro Martínez.png,Defensor,84,https://www.pesmaster.com/es/lisandro-martinez/efootball-2022/player/117793/,https://youtu.be/uVWt12Bb2ik?si=wXOeB_5Fh_E5PIcN,lisandro-martinez
208,Joelinton,Apolinário de Lira,14/08/1996,45,Brasil.png,img/jugadores/Joelinton Apolinário de Lira.png,Mediocampista,82,https://www.pesmaster.com/es/joelinton/efootball-2022/player/106636/,https://youtu.be/IrS0qa7J28o?si=YZlgVjxhtf96KDMi,joelinton-apolinario-de-lira
207,Bruno,Guimarães,16/11/1997,45,Brasil.png,img/jugadores/Bruno Guimarães Moura.png,Mediocampista,86,https://www.pesmaster.com/es/bruno-guimaraes/efootball-2022/player/117049/,https://youtu.be/JfOzSKm0qB8?si=pnxadkKmNGyHromu,bruno-guimaraes
206,Sandro,Tonali,08/05/2000,45,Italia.png,img/jugadores/Sandro Tonali.png,Mediocampista,87,https://www.pesmaster.com/es/sandro-tonali/efootball-2022/player/118171/,https://youtu.be/OaAldo9aaI0?si=iuDkYrZhQkyV2dr8,sandro-tonali
209,Anthony,Gordon,24/02/2001,45,Inglaterra.png,img/jugadores/Anthony Michael Gordon.png,Delantero,83,https://www.pesmaster.com/es/anthony-gordon/efootball-2022/player/119835/,https://youtu.be/vAdp9CTpNw4?si=Luzsbketf9X7_XxT,anthony-gordon
415,Nick,Woltemade,14/02/2002,45,Alemania.png,img/jugadores/Nick Woltemade.png,Delantero,81,https://www.pesmaster.com/es/nick-woltemade/efootball-2022/player/142212/,https://youtu.be/GvomCPTHq1M?si=XJZwXIZvoVEpL2gW,nick-woltemade
212,Omar,Alderete,26/12/1996,47,Paraguay.png,img/jugadores/Omar Alderete.png,Defensor,80,https://www.pesmaster.com/es/omar-alderete/efootball-2022/player/118193/,https://youtu.be/FCk7446qU_4?si=SnGqJSxwgUdtDWo9,omar-alderete
210,Reinildo,Mandava,21/01/1994,47,Mozambique.png,img/jugadores/Reinildo Isnard Mandava.png,Defensor,79,https://www.pesmaster.com/es/reinildo/efootball-2022/player/126415/,https://youtu.be/ufx5gmOKxss?si=043CqKU7JhS1HOP3,reinildo-mandava
211,Nordi,Mukiele,01/11/1997,47,Francia.png,img/jugadores/Nordi Mukiele.png,Defensor,80,https://www.pesmaster.com/es/nordi-mukiele/efootball-2022/player/108969/,https://youtu.be/CKDJGyebd98?si=4FjV8PhSDLup9tW7,nordi-mukiele
135,Guglielmo,Vicario,07/10/1996,48,Italia.png,img/jugadores/Guglielmo Vicario.png,Arquero,85,https://www.pesmaster.com/es/guglielmo-vicario/efootball-2022/player/116482/,https://youtu.be/4bQwpXRumNs?si=RujGTr1nEizz76gY,guglielmo-vicario
138,Radu,Drăgușin,03/02/2002,48,Rumania.png,img/jugadores/Radu Drăgușin.png,Defensor,77,https://www.pesmaster.com/es/radu-dragusin/efootball-2022/player/141530/,https://youtu.be/zoP5855Afec?si=Mw0DsaW1WAKt5dFh,radu-dragusin
136,Cristian,Romero,27/04/1998,48,Argentina.png,img/jugadores/Cristian Gabriel Romero.png,Defensor,86,https://www.pesmaster.com/es/cristian-romero/efootball-2022/player/111280/,https://youtu.be/fZCaNCdMrFE?si=hHRSk5r9c-ameUyv,cristian-romero
139,Destiny,Udogie,28/11/2002,48,Italia.png,img/jugadores/Destiny Udogie.png,Defensor,82,https://www.pesmaster.com/es/destiny-udogie/efootball-2022/player/140565/,https://youtu.be/_EZl7K-Jtgs?si=I7WtL8UhvXOdBhVs,destiny-udogie
137,Micky,van de Ven,19/04/2001,48,Holanda.png,img/jugadores/Micky van de Ven.png,Defensor,85,https://www.pesmaster.com/es/micky-van-de-ven/efootball-2022/player/136184/,https://youtu.be/zSyQ0tJu10I?si=cRaZEr0sWlkqb9ng,micky-van-de-ven
141,Lucas,Bergvall,02/02/2006,48,Suecia.png,img/jugadores/Lucas Bergvall.png,Mediocampista,78,https://www.pesmaster.com/es/lucas-bergvall/efootball-2022/player/170378/,https://youtu.be/tvx1Nft67Ck?si=zqZxiVzWcx97iHe4,lucas-bergvall
142,Archie,Gray,12/03/2006,48,Inglaterra.png,img/jugadores/Archie Gray.png,Mediocampista,76,https://www.pesmaster.com/es/archie-gray/efootball-2022/player/151830/,https://youtu.be/CHOJh5l7yqg?si=eDEvrwqvnYRCj5HF,archie-gray
140,Dejan,Kulusevski,25/04/2000,48,Suecia.png,img/jugadores/Dejan Kulusevski.png,Mediocampista,84,https://www.pesmaster.com/es/dejan-kulusevski/efootball-2022/player/123721/,https://youtu.be/zqFfcheMPSg?si=nvCwGW0AvlpGmNXo,dejan-kulusevski
144,James,Maddison,23/11/1996,48,Inglaterra.png,img/jugadores/James Daniel Maddison.png,Mediocampista,83,https://www.pesmaster.com/es/james-maddison/efootball-2022/player/114036/,https://youtu.be/H7ojCnkuXIQ?si=LHrgbxlPie5X466D,james-maddison
143,Xavi,Simons,21/04/2003,48,Holanda.png,img/jugadores/Xavi Simons.png,Mediocampista,84,https://www.pesmaster.com/es/xavi-simons/efootball-2022/player/137000/,https://youtu.be/RvxG2z8nyMs?si=bL_y8WHiDIeUYJ_i,xavi-simons
147,Richarlison,de Andrade,10/05/1997,48,Brasil.png,img/jugadores/Richarlison.png,Delantero,81,https://www.pesmaster.com/es/richarlison/efootball-2022/player/110866/,https://youtu.be/4bKVig71hH0?si=3zeP9y3e-9fXyifB,richarlison-de-andrade
145,Brennan,Johnson,23/05/2001,48,Gales.png,img/jugadores/Brennan Johnson.png,Delantero,81,https://www.pesmaster.com/es/brennan-johnson/efootball-2022/player/132943/,https://youtu.be/D12knabRle4?si=Oe-Gj8CET3XX-8IJ,brennan-johnson
146,Randal,Kolo Muani,05/12/1998,48,Francia.png,img/jugadores/Randal Kolo Muani.png,Delantero,83,https://www.pesmaster.com/es/randal-kolo-muani/efootball-2022/player/115254/,https://youtu.be/sX7A7MSySIQ?si=TXFSRmzs8ILRvANx,randal-kolo-muani
148,Mathys,Tel,27/04/2005,48,Francia.png,img/jugadores/Mathys Tel.png,Delantero,78,https://www.pesmaster.com/es/mathys-tel/efootball-2022/player/147455/,https://youtu.be/t_27dU8dNj4?si=CbgOfVGWxXKQ_wHV,mathys-tel
214,Lucas,Paquetá,27/08/1997,49,Brasil.png,img/jugadores/Lucas Tolentino Coelho de Lima.png,Mediocampista,82,https://www.pesmaster.com/es/lucas-paqueta/efootball-2022/player/111804/,https://youtu.be/IPQ6rIwetkw?si=NO0K7qGxo4eO3l-0,lucas-paqueta
213,Guido,Rodríguez,12/04/1994,49,Argentina.png,img/jugadores/Guido Rodríguez.png,Mediocampista,76,https://www.pesmaster.com/es/guido-rodriguez/efootball-2022/player/104324/,https://youtu.be/y1HKwsNu2uk?si=HEe_UtMdv_VaaN-G,guido-rodriguez
215,Luis,Guilherme,09/02/2006,49,Brasil.png,img/jugadores/Luis Guilherme Lira dos Santos.png,Delantero,71,https://www.pesmaster.com/es/luis-guilherme/efootball-2022/player/160935/,https://youtu.be/YRg2tiApfBo?si=D--8Cstg9JnAe43L,luis-guilherme
216,João,Gomes,12/02/2001,50,Brasil.png,img/jugadores/João Victor Gomes da Silva.png,Mediocampista,79,https://www.pesmaster.com/es/joao-gomes/efootball-2022/player/135038/,https://youtu.be/8pEW3zmf-oU?si=zc_LOAUQ1x7g1Dgg,joao-gomes
217,André,Trindade,16/07/2001,50,Brasil.png,img/jugadores/André Trindade.png,Mediocampista,79,https://www.pesmaster.com/es/andre/efootball-2022/player/137926/,https://youtu.be/ZiApH4yeHfA?si=EWlimVzWFLUnQyaU,andre-trindade
218,Jhon,Arias,21/09/1997,50,Colombia.png,img/jugadores/Jhon Arias.png,Delantero,82,https://www.pesmaster.com/es/jhon-arias/efootball-2022/player/120119/,https://youtu.be/E0nxnbqM5jQ?si=fca9o2JGtMmoZGpo,jhon-arias
414,Bento,Matheus,10/06/1999,124,Brasil.png,img/jugadores/Bento Matheus Krepski.png,Arquero,80,https://www.pesmaster.com/es/bento/efootball-2022/player/129510/,https://youtu.be/zCoYihzbyo4?si=TAuU_eqESdhQPpMS,bento-matheus
411,Kingsley,Coman,13/06/1996,124,Francia.png,img/jugadores/Kingsley Coman.png,Delantero,84,https://www.pesmaster.com/es/kingsley-coman/efootball-2022/player/60446/,https://youtu.be/_17KIT8gDAM?si=wGr9d-Nopoqx1Ebb,kingsley-coman
412,João,Félix,10/11/1999,124,Portugal.png,img/jugadores/João Félix.png,Delantero,80,https://www.pesmaster.com/es/joao-felix/efootball-2022/player/126336/,https://youtu.be/_ROJcEbM0MM?si=OFgLFqj7ykm5FNcA,joao-felix
413,Cristiano,Ronaldo,05/02/1985,124,Portugal.png,img/jugadores/Cristiano Ronaldo dos Santos Aveiro.png,Delantero,86,https://www.pesmaster.com/es/cristiano-ronaldo/efootball-2022/player/4522/,https://youtu.be/M1BPDKvNUBE?si=BuTqh2pDXHXhWaIu,cristiano-ronaldo
240,Manuel,Akanji,19/07/1995,52,Suiza.png,img/jugadores/Manuel Akanji.png,Defensor,82,https://www.pesmaster.com/es/manuel-akanji/efootball-2022/player/109124/,https://youtu.be/fGFTLmX-B0A?si=IH8LYvGjpbVdUUPr,manuel-akanji
232,Alessandro,Bastoni,13/04/1999,52,Italia.png,img/jugadores/Alessandro Bastoni.png,Defensor,88,https://www.pesmaster.com/es/alessandro-bastoni/efootball-2022/player/114662/,https://youtu.be/NAmrR1xbWL4?si=VHWhMTbEBIvDfMRM,alessandro-bastoni
237,Federico,Dimarco,10/11/1997,52,Italia.png,img/jugadores/Federico Dimarco.png,Defensor,83,https://www.pesmaster.com/es/federico-dimarco/efootball-2022/player/107686/,https://youtu.be/oTm2qRRfzuQ?si=QgR_1jPwBvaQ2jIe,federico-dimarco
235,Denzel,Dumfries,18/04/1996,52,Holanda.png,img/jugadores/Dumfries.png,Defensor,85,https://www.pesmaster.com/es/denzel-dumfries/efootball-2022/player/111986/,https://youtu.be/10DOfhbNdfo?si=k8KxL8EtWd7lXH64,denzel-dumfries
234,Tomás,Palacios,28/04/2003,52,Italia.png,img/jugadores/Tomás Palacios.png,Defensor,71,https://www.pesmaster.com/es/tomas-palacios/efootball-2022/player/144286/,https://youtu.be/lp9KlNWQJ8I?si=lZ7UgH5B73YN1eT6,tomas-palacios
233,Nicolò,Barella,07/02/1997,52,Italia.png,img/jugadores/Nicolò Barella.png,Mediocampista,86,https://www.pesmaster.com/es/nicolo-barella/efootball-2022/player/103686/,https://youtu.be/brQF2PldrSU?si=AznRmuT-rsxoayZ4,nicolo-barella
236,Luis,Henrique,14/12/2001,52,Brasil.png,img/jugadores/Luis Henrique Tomaz de Lima.png,Delantero,78,https://www.pesmaster.com/es/luis-henrique/efootball-2022/player/128984/,https://youtu.be/D8jlAILYF3M?si=tYxvmuKT7OzCWF1u,luis-henrique
238,Lautaro,Martínez,22/08/1997,52,Argentina.png,img/jugadores/Lautaro Martínez.png,Delantero,88,https://www.pesmaster.com/es/lautaro-martinez/efootball-2022/player/108657/,https://youtu.be/JC0L9cEz1JM?si=PUwgO6cXbXjf56C8,lautaro-martinez
239,Marcus,Thuram,06/08/1997,52,Francia.png,img/jugadores/Marcus Thuram.png,Delantero,86,https://www.pesmaster.com/es/marcus-thuram/efootball-2022/player/108069/,https://youtu.be/tNm5Sq1oqs8?si=JoHMaXlWVaflX3mU,marcus-thuram
247,Bremer,Silva,18/03/1997,53,Brasil.png,img/jugadores/Gleison Bremer Silva Nascimento.png,Defensor,87,https://www.pesmaster.com/es/bremer/efootball-2022/player/114593/,https://youtu.be/i1FyLw8KXyE?si=dzchKeBSl2HDWnR_,bremer-silva
243,Weston,McKennie,28/08/1998,53,Estados Unidos.png,img/jugadores/Weston McKennie.png,Mediocampista,82,https://www.pesmaster.com/es/weston-mckennie/efootball-2022/player/117613/,https://youtu.be/LrMX1_QhQak?si=WtuNL6J704rI-0EY,weston-mckennie
242,Fabio,Miretti,03/08/2003,53,Italia.png,img/jugadores/Fabio Miretti.png,Mediocampista,75,https://www.pesmaster.com/es/fabio-miretti/efootball-2022/player/147950/,https://youtu.be/fbDH41Y4t1o?si=TBXk_-UMs9DmWnVr,fabio-miretti
245,Kenan,Yıldız,04/05/2005,53,Turquía.png,img/jugadores/Kenan Yıldız.png,Mediocampista,82,https://www.pesmaster.com/es/kenan-yildiz/efootball-2022/player/164893/,https://youtu.be/ETZcjONONBc?si=xf5lWc_U__7YUuqn,kenan-yldz
244,Francisco,Conceição,14/12/2002,53,Portugal.png,img/jugadores/Francisco Fernandes da Conceição.png,Delantero,81,https://www.pesmaster.com/es/francisco-conceicao/efootball-2022/player/142763/,https://youtu.be/WDYRK8yDvS0?si=5pMDzpC7S8DUNNSc,francisco-conceicao
246,Dušan,Vlahović,28/01/2000,53,Serbia.png,img/jugadores/Dušan Vlahović.png,Delantero,81,https://www.pesmaster.com/es/dusan-vlahovic/efootball-2022/player/111486/,https://youtu.be/MPvnvv3aYpg?si=SgGi45WIokpZXi8a,dusan-vlahovic
248,Mike,Maignan,03/07/1995,54,Francia.png,img/jugadores/Mike Maignan.png,Arquero,87,https://www.pesmaster.com/es/mike-maignan/efootball-2022/player/60447/,https://youtu.be/wZGTQmNpQv8?si=hQlMqCrXGqoVWkqF,mike-maignan
249,Fikayo,Tomori,19/12/1997,54,Inglaterra.png,img/jugadores/Fikayo Tomori.png,Defensor,81,https://www.pesmaster.com/es/fikayo-tomori/efootball-2022/player/113065/,https://youtu.be/Bbbg9ALw33U?si=gBksxw4G8WSBBC40,fikayo-tomori
250,Youssouf,Fofana,10/01/1999,54,Francia.png,img/jugadores/Youssouf Fofana.png,Mediocampista,83,https://www.pesmaster.com/es/youssouf-fofana/efootball-2022/player/126720/,https://youtu.be/BjCe-XeQn2Y?si=D-F9Xc5p8qvilC35,youssouf-fofana
252,Santiago,Giménez,18/04/2001,54,Mexico.png,img/jugadores/Santiago Giménez.png,Delantero,80,https://www.pesmaster.com/es/santiago-gimenez/efootball-2022/player/118744/,https://youtu.be/1HyMZ3SIOMI?si=I1ErXSwnr2_Q71rq,santiago-gimenez
251,Rafael,Leão,10/06/1999,54,Portugal.png,img/jugadores/Rafael da Conceição Leão.png,Delantero,85,https://www.pesmaster.com/es/rafael-leao/efootball-2022/player/119153/,https://youtu.be/uRum9u_UPOQ?si=DQX70f3kAOju9txx,rafael-leao
253,Christopher,Nkunku,14/11/1997,54,Francia.png,img/jugadores/Christopher Nkunku.png,Delantero,81,https://www.pesmaster.com/es/christopher-nkunku/efootball-2022/player/108984/,https://youtu.be/delW-RDYZpY?si=YDNKwlA1lCU2Tntb,christopher-nkunku
255,Kevin,De Bruyne,28/06/1991,55,Belgica.png,img/jugadores/Kevin De Bruyne.png,Mediocampista,88,https://www.pesmaster.com/es/kevin-de-bruyne/efootball-2022/player/44379/,https://youtu.be/ko_ZMzBrk9U?si=swOwkGI7IiRuNfcY,kevin-de-bruyne
257,Rasmus,Højlund,04/02/2003,55,Dinamarca.png,img/jugadores/Rasmus Højlund.png,Delantero,79,https://www.pesmaster.com/es/rasmus-hojlund/efootball-2022/player/141221/,https://youtu.be/m6Lm-aZE8WI?si=TuCP6MG0XqhbAw_l,rasmus-hjlund
256,Noa,Lang,17/06/1999,55,Holanda.png,img/jugadores/Noa Lang.png,Delantero,81,https://www.pesmaster.com/es/noa-lang/efootball-2022/player/122728/,https://youtu.be/z_VYMNsHlpw?si=MGtb0Bss0gR3i063,noa-lang
258,Wesley,França,06/09/2003,56,Brasil.png,img/jugadores/Wesley Vinícius França Lima.png,Defensor,77,https://www.pesmaster.com/es/wesley/efootball-2022/player/151794/,https://youtu.be/dSNBDvZv_BE?si=-jHLj1TdiN9YlF6g,wesley-franca
261,Artem,Dovbyk,21/06/1997,56,Ucrania.png,img/jugadores/Artem Dovbyk.png,Delantero,83,https://www.pesmaster.com/es/artem-dovbyk/efootball-2022/player/124029/,https://youtu.be/2qGDnSdaCoo?si=LmB1inRzMFvZ9om2,artem-dovbyk
259,Paulo,Dybala,15/11/1993,56,Argentina.png,img/jugadores/Paulo Dybala.png,Delantero,85,https://www.pesmaster.com/es/paulo-dybala/efootball-2022/player/47179/,https://youtu.be/Cb_WfIjyQX4?si=2BMB6jYvGAbBfk90,paulo-dybala
260,Matías,Soulé,15/04/2003,56,Argentina.png,img/jugadores/Matías Soulé Malvano.png,Delantero,80,https://www.pesmaster.com/es/matias-soule/efootball-2022/player/147949/,https://youtu.be/fVxs-9DLWTY?si=61ebfKp8hmHyuGax,matias-soule
92,Federico,Fattori,22/07/1992,19,Argentina.png,img/jugadores/Federico Fattori.png,Mediocampista,76,https://www.pesmaster.com/es/federico-fattori/efootball-2022/player/105341/,https://youtu.be/D1fJD6VaJFE?si=8ayHZP0C6oOJjQag,federico-fattori
71,Hernán,López Muñoz,07/09/2000,19,Argentina.png,img/jugadores/Hernán Darío López Muñoz.png,Mediocampista,76,https://www.pesmaster.com/es/hernan-lopez/efootball-2022/player/130495/,https://youtu.be/1-yPvqxre9g?si=TKXWEIKbf4u9w2h3,hernan-lopez-munoz
78,Nahuel,Barrios,07/05/1998,26,Argentina.png,img/jugadores/Nahuel Barrios.png,Delantero,71,https://www.pesmaster.com/es/nahuel-barrios/efootball-2022/player/115538/,https://youtu.be/M9njhOW57gU?si=Iq1GsvYN32v7Hl8v,nahuel-barrios
81,Gonzalo,Morales,04/03/2003,26,Argentina.png,img/jugadores/Gonzalo Javier Morales.png,Delantero,68,https://www.pesmaster.com/es/javier-morales/efootball-2022/player/158595/,https://youtu.be/80VKLuh0BdE?si=37lKtXJb494qSGYO,gonzalo-morales
26,Leandro,Brey,21/09/2002,2,Argentina.png,img/jugadores/Leandro Brey.png,Arquero,72,https://www.pesmaster.com/es/leandro-brey/efootball-2022/player/152717/,https://youtu.be/akRxfJnG124?si=Nc6QsUVEhoD29a0V,leandro-brey
43,Agustín,Marchesín,16/03/1988,2,Argentina.png,img/jugadores/Agustín Marchesín.png,Arquero,75,https://www.pesmaster.com/es/agustin-marchesin/efootball-2022/player/41546/,https://youtu.be/0KlRKoCdeNE?si=bdrXRmV9mpEhtJQi,agustin-marchesin
30,Luis,Advíncula,02/03/1990,2,Perú.png,img/jugadores/Luis Advincula.png,Defensor,72,https://www.pesmaster.com/es/luis-advincula/efootball-2022/player/43387/,https://youtu.be/IZ7r1EpvANM?si=rFEOVrvKJQNMiY04,luis-advincula-2
33,Lautaro,Blanco,19/02/1999,2,Argentina.png,img/jugadores/Lautaro Blanco.png,Defensor,76,https://www.pesmaster.com/es/lautaro-blanco/efootball-2022/player/141350/,https://youtu.be/R8XnmJbPASk?si=kgQPpUCt2xsi7oi8,lautaro-blanco
32,Lucas,Blondel,14/09/1996,2,Suiza.png,img/jugadores/Lucas Blondel.png,Defensor,73,https://www.pesmaster.com/es/lucas-blondel/efootball-2022/player/113558/,https://youtu.be/t6s7BGiICvU?si=H1IkBjo5WGghurTu,lucas-blondel
42,Ayrton,Costa,12/07/1999,2,Argentina.png,img/jugadores/Ayrton Costa.png,Defensor,77,https://www.pesmaster.com/es/ayrton-costa/efootball-2022/player/141098/,https://youtu.be/wGXShZlZzq0?si=yjBwQJt4by-lm3j3,ayrton-costa
28,Lautaro,Di Lollo,10/03/2004,2,Argentina.png,img/jugadores/Lautaro Di Lollo.png,Defensor,74,https://www.pesmaster.com/es/lautaro-di-lollo/efootball-2022/player/157187/,https://youtu.be/I2pcdkK-0NU?si=eoIDqVw4YhQ9hHga,lautaro-di-lollo
27,Nicolás,Figal,03/04/1994,2,Argentina.png,img/jugadores/Nicolás Figal.png,Defensor,73,https://www.pesmaster.com/es/nicolas-figal/efootball-2022/player/101953/,https://youtu.be/kLHgbBgOWSw?si=-UJH2oKQdeS3hViV,nicolas-figal
46,Marco,Pellegrino,18/07/2002,2,Argentina.png,img/jugadores/Marco Pellegrino.png,Defensor,73,https://www.pesmaster.com/es/marco-pellegrino/efootball-2022/player/136394/,https://youtu.be/Eqg7DYk40VI?si=_5d2_fmHkAcvWT42,marco-pellegrino
41,Williams,Alarcón,29/11/2000,2,Chile.png,img/jugadores/Williams Alarcon.png,Mediocampista,72,https://www.pesmaster.com/es/williams-alarcon/efootball-2022/player/125022/,https://youtu.be/ghPRojmwBNQ?si=2CVK7srYgmwqG19k,williams-alarcon
40,Rodrigo,Battaglia,12/07/1991,2,Argentina.png,img/jugadores/Rodrigo Battaglia.png,Mediocampista,76,https://www.pesmaster.com/es/rodrigo-battaglia/efootball-2022/player/60687/,https://youtu.be/i1uUvIzrWpQ?si=CLaMELZwbikj0PlK,rodrigo-battaglia
36,Tomás,Belmonte,27/05/1998,2,Argentina.png,img/jugadores/Tomás Belmonte.png,Mediocampista,73,https://www.pesmaster.com/es/tomas-belmonte/efootball-2022/player/118957/,https://youtu.be/SPwlhjWrKM4?si=w5ZKBvRE9ZpDdQa5,tomas-belmonte
47,Malcom,Braida,17/05/1997,2,Argentina.png,img/jugadores/Malcom Braida.png,Mediocampista,74,https://www.pesmaster.com/es/malcom-braida/efootball-2022/player/123669/,https://youtu.be/r2diJ2-zb5Q?si=AAbtB4T2pHd3CeJD,malcom-braida
45,Milton,Delgado,16/06/2005,2,Argentina.png,img/jugadores/Milton Delgado.png,Mediocampista,74,https://www.pesmaster.com/es/milton-delgado/efootball-2022/player/168983/,https://youtu.be/qzplMfDuQt0?si=kEVWNaYlb2H4Zwff,milton-delgado
38,Agustín,Martegani,20/05/2000,2,Argentina.png,img/jugadores/Agustín Martegani.png,Mediocampista,70,https://www.pesmaster.com/es/agustin-martegani/efootball-2022/player/131948/,https://youtu.be/-GzMIOht6WQ?si=gH7PFDigTvacyzBl,agustin-martegani
37,Ignacio,Miramón,12/06/2003,2,Argentina.png,img/jugadores/Ignacio Miramon.png,Mediocampista,70,https://www.pesmaster.com/es/ignacio-miramon/efootball-2022/player/141562/,https://youtu.be/ciBEGtdp2Fo?si=WsoYPB0-ZDuWbSvA,ignacio-miramon
49,Carlos,Palacios,20/07/2000,2,Chile.png,img/jugadores/Carlos Palacios.png,Mediocampista,74,https://www.pesmaster.com/es/carlos-palacios/efootball-2022/player/118699/,https://youtu.be/LzNupS1Z6oo?si=tCOE51tVRpDXrb56,carlos-palacios
48,Leandro,Paredes,29/06/1994,2,Argentina.png,img/jugadores/Leandro Paredes.png,Mediocampista,81,https://www.pesmaster.com/es/leandro-paredes/efootball-2022/player/45356/,https://youtu.be/8lCSuk0KYSw?si=0R8mAm6lT9hogX0K,leandro-paredes
44,Camilo,Rey Domenech,10/03/2006,2,Argentina.png,img/jugadores/Rey Domenech.png,Mediocampista,66,https://www.pesmaster.com/es/camilo-rey-domenech/efootball-2022/player/174494/,https://youtu.be/2rdPRftOtEE?si=d06JdiZkHuuqVVih,camilo-rey-domenech
29,Kevin,Zenón,30/07/2001,2,Argentina.png,img/jugadores/Kevin Zenon.png,Mediocampista,74,https://www.pesmaster.com/es/kevin-zenon/efootball-2022/player/141148/,https://youtu.be/wwFIQjQUfHA?si=x-xP63ZZ2XJZmrP6,kevin-zenon
50,Brian,Aguirre,06/01/2003,2,Argentina.png,img/jugadores/Brian Aguirre.png,Delantero,72,https://www.pesmaster.com/es/brian-aguirre/efootball-2022/player/140875/,https://youtu.be/-ljwpIQTEo8?si=oI5JBFyLZawTGDif,brian-aguirre
35,Milton,Giménez,12/08/1996,2,Argentina.png,img/jugadores/Milton Gimenez.png,Delantero,73,https://www.pesmaster.com/es/milton-gimenez/efootball-2022/player/143374/,https://youtu.be/y2cPu4j6CWE?si=MKmvIGmlWArRKWYg,milton-gimenez
34,Miguel,Merentiel,24/02/1996,2,Uruguay.png,img/jugadores/Miguel Merentiel.png,Delantero,78,https://www.pesmaster.com/es/miguel-merentiel/efootball-2022/player/118157/,https://youtu.be/-PXnBwpj2Xs?si=cnhk_G3KeCdBRSId,miguel-merentiel
39,Alan,Velasco,27/07/2002,2,Argentina.png,img/jugadores/Alan Velasco.png,Delantero,73,https://www.pesmaster.com/es/alan-velasco/efootball-2022/player/128960/,https://youtu.be/PHnxeavYrkI?si=H39JMzYvy6WVk-TN,alan-velasco
31,Exequiel,Zeballos,24/04/2002,2,Argentina.png,img/jugadores/Exequiel Zeballos.png,Delantero,76,https://www.pesmaster.com/es/exequiel-zeballos/efootball-2022/player/140308/,https://youtu.be/3SNqdWnMMMA?si=BknN15POHt_sPKSR,exequiel-zeballos
82,Franco,Alfonso,04/05/2002,10,Argentina.png,img/jugadores/Franco Alfonso.png,Delantero,67,https://www.pesmaster.com/es/franco-alfonso/efootball-2022/player/158589/,https://youtu.be/w1BawH5uJ58?si=U1NoiN8lhihR3Bsr,franco-alfonso
76,Ignacio,Arce,08/02/1992,23,Argentina.png,img/jugadores/Ignacio Arce.png,Arquero,75,https://www.pesmaster.com/es/ignacio-arce/efootball-2022/player/110841/,https://youtu.be/bQIpW1AzxEM?si=fk7Js_zZsqsNyLnq,ignacio-arce
69,Leandro,González Pirez,26/02/1992,27,Argentina.png,img/jugadores/Leandro González Pirez.png,Defensor,73,https://www.pesmaster.com/es/l-gonzalez-pirez/efootball-2022/player/44718/,https://youtu.be/iGDwhFFo35Q?si=C5-QUaxFG1AH8T7C,leandro-gonzalez-pirez
83,Santiago,Ascacíbar,25/02/1997,27,Argentina.png,img/jugadores/Santiago Ascacíbar.png,Mediocampista,77,https://www.pesmaster.com/es/santiago-ascacibar/efootball-2022/player/111074/,https://youtu.be/-H1WQxfuYPY?si=Uuhc-xMvbsFe9hsu,santiago-ascacibar
97,Facundo,Farías,28/08/2002,27,Argentina.png,img/jugadores/Facundo Farías.png,Mediocampista,73,https://www.pesmaster.com/es/facundo-farias/efootball-2022/player/133716/,https://youtu.be/iiWjBC2Q8rM?si=Fxb9vybdfyYx-c13,facundo-farias
66,Cristian,Medina,01/06/2002,27,Argentina.png,img/jugadores/Cristian Nicolás Medina.png,Mediocampista,76,https://www.pesmaster.com/es/cristian-medina/efootball-2022/player/140306/,https://youtu.be/TRQMIi0601g?si=ZVwrnteXKbPw4kTQ,cristian-medina
64,Edwuin,Cetré,01/01/1998,27,Colombia.png,img/jugadores/Edwuin Cetré.png,Delantero,75,https://www.pesmaster.com/es/edwuin-cetre/efootball-2022/player/118884/,https://youtu.be/5LFfWBnXv9w?si=X3-UGHed12tDjkXj,edwuin-cetre
87,Tiago,Palacios,28/03/2001,27,Uruguay.png,img/jugadores/Tiago Asael Palacios.png,Delantero,74,https://www.pesmaster.com/es/tiago-palacios/efootball-2022/player/136398/,https://youtu.be/NuIVl1BRmeE?si=Yqjwn3TqEvZ5vp4L,tiago-palacios
74,Norberto,Briasco,29/02/1996,11,Armenia.png,img/jugadores/Norberto Briasco.png,Delantero,68,https://www.pesmaster.com/es/norberto-briasco/efootball-2022/player/113855/,https://youtu.be/mRWS_w2s09Q?si=Lzw2YmxZ_cke59qL,norberto-briasco
70,Guillermo,Fernández,11/10/1991,12,Argentina.png,img/jugadores/Pol Fernández.png,Mediocampista,70,https://www.pesmaster.com/es/guillermo-fernandez/efootball-2022/player/46635/,https://youtu.be/hSAcIEqDHBo?si=7-Kd3xdNPEkIBspf,guillermo-fernandez
94,Tomás,Pozzo,27/09/2000,12,Argentina.png,img/jugadores/Tomás Pozzo.png,Mediocampista,67,https://www.pesmaster.com/es/tomas-pozzo/efootball-2022/player/141101/,https://youtu.be/YidcHixcfmc?si=XFNDkcchI8S9pmBV,tomas-pozzo
90,Juan,Bisanz,28/08/2001,13,Argentina.png,img/jugadores/Juan Bisanz.png,Delantero,70,https://www.pesmaster.com/es/juan-bisanz/efootball-2022/player/160154/,https://youtu.be/7dKUFx4Sh_Y?si=pSg-GNJLxA3JF9xB,juan-bisanz
52,Santiago,Montiel,22/11/2000,4,Argentina.png,img/jugadores/Santiago Montiel.png,Delantero,75,https://www.pesmaster.com/es/santiago-montiel/efootball-2022/player/160139/,https://youtu.be/fkYjRxWpLzo?si=fr1PX-BvLnw7AxMv,santiago-montiel
51,Gabriel,Ávalos,12/10/1990,4,Paraguay.png,img/jugadores/Gabriel Ávalos.png,Delantero,73,https://www.pesmaster.com/es/gabriel-avalos/efootball-2022/player/105218/,https://youtu.be/1Q7j4tl2Wio?si=5vPNJBoKSzeEzqYK,gabriel-avalos
65,Sebastián,Villa,19/05/1996,28,Colombia.png,img/jugadores/Sebastián Villa.png,Delantero,76,https://www.pesmaster.com/es/sebastian-villa/efootball-2022/player/109637/,https://youtu.be/wSERWYvTK0Q?si=mU9ac3hRPcm94U9J,sebastian-villa
86,Marcelino,Moreno,25/06/1995,15,Argentina.png,img/jugadores/Marcelino Moreno.png,Mediocampista,78,https://www.pesmaster.com/es/marcelino-moreno/efootball-2022/player/113883/,https://youtu.be/HIMsGvyoTX0?si=f7GN_FCEJ9mfWJiW,marcelino-moreno
77,Felipe,Peña Biafore,05/04/2001,15,Argentina.png,img/jugadores/Felipe Peña Biafore.png,Mediocampista,69,https://www.pesmaster.com/es/felipe-pena-biafore/efootball-2022/player/144181/,https://youtu.be/4hiL5XyBde8?si=Vt-xG4NuZQCdADfa,felipe-pena-biafore
75,Santiago,Toloza,28/10/2002,24,Argentina.png,img/jugadores/Santiago Toloza.png,Mediocampista,69,https://www.pesmaster.com/es/santiago-toloza/efootball-2022/player/134936/,https://youtu.be/q7nCdEpBFJs?si=lvAy2RO6qccDxiJc,santiago-toloza
53,Gabriel,Arias,13/09/1987,3,Chile.png,img/jugadores/Gabriel Arias.png,Arquero,74,https://www.pesmaster.com/es/gabriel-arias/efootball-2022/player/102214/,https://youtu.be/cugjmCHrq80?si=D9m54ffWKBQzZM5r,gabriel-arias
59,Marco,Di Cesare,30/01/2002,3,Argentina.png,img/jugadores/Marco Di Cesare.png,Defensor,73,https://www.pesmaster.com/es/marco-di-cesare/efootball-2022/player/141484/,https://youtu.be/_DaNnUHaf84?si=2FveW4lZzUs4VaOE,marco-di-cesare
57,Gastón,Martirena,05/01/2000,3,Uruguay.png,img/jugadores/Gastón Martirena.png,Defensor,76,https://www.pesmaster.com/es/gaston-martirena/efootball-2022/player/164816/,https://youtu.be/v5B6IrjqQNo?si=hviieKx6D9LxdUyK,gaston-martirena
58,Santiago,Sosa,03/05/1999,3,Argentina.png,img/jugadores/Santiago Sosa.png,Defensor,79,https://www.pesmaster.com/es/santiago-sosa/efootball-2022/player/122690/,https://youtu.be/VNChsZHXAfI?si=-i_QvPpuJoPPg5k4,santiago-sosa
60,Matías,Zaracho,10/03/1998,3,Argentina.png,img/jugadores/Matías Zaracho.png,Mediocampista,74,https://www.pesmaster.com/es/matias-zaracho/efootball-2022/player/114637/,https://youtu.be/OEO7VdC2zF0?si=OzQQJ7sGAaoR-yCr,matias-zaracho
56,Adrián,Balboa,19/01/1994,3,Uruguay.png,img/jugadores/Adrián Balboa.png,Delantero,71,https://www.pesmaster.com/es/adrian-balboa/efootball-2022/player/104122/,https://youtu.be/Pk_57et74D4?si=fShtxXP3LwU5t_ow,adrian-balboa
55,Adrián,Martínez,07/07/1992,3,Argentina.png,img/jugadores/Adrián Martínez.png,Delantero,80,https://www.pesmaster.com/es/adrian-martinez/efootball-2022/player/154904/,https://youtu.be/f4rEi8hxJ5Y?si=lVIXpvwvQ-xFOpih,adrian-martinez
54,Santiago,Solari,19/01/1998,3,Argentina.png,img/jugadores/Santiago Solari.png,Delantero,74,https://www.pesmaster.com/es/santiago-solari/efootball-2022/player/158951/,https://youtu.be/Cyi5EDBacjU?si=zN4ahvTyHb6j2Q7S,santiago-solari
4,Franco,Armani,16/10/1986,1,Argentina.png,img/jugadores/Franco Armani.png,Arquero,76,https://www.pesmaster.com/es/franco-armani/efootball-2022/player/45674/,https://youtu.be/kbhGj5fskYU?si=o2PG62dGJLXyQomj,franco-armani
2,Conan,Ledesma,13/02/1993,1,Argentina.png,img/jugadores/Conan Ledesma.png,Arquero,76,https://www.pesmaster.com/es/jeremias-ledesma/efootball-2022/player/60360/,https://youtu.be/LMRFGhu12dU?si=spzRpLoTxGKT8jL0,conan-ledesma
241,Marcos,Acuña,28/10/1991,1,Argentina.png,img/jugadores/Marcos Acuña.png,Defensor,80,https://www.pesmaster.com/es/marcos-acuna/efootball-2022/player/103317/,https://youtu.be/jH7As28msPs?si=1LOLySOLoZhuBPpJ,marcos-acuna
25,Sebastián,Boselli,04/12/2003,1,Uruguay.png,img/jugadores/Sebastián Boselli.png,Defensor,72,https://www.pesmaster.com/es/sebastian-boselli/efootball-2022/player/165733/,https://youtu.be/kie3U-UVBxE?si=nXY7FO_VAD868Qf3,sebastian-boselli
5,Fabricio,Bustos,28/04/1996,1,Argentina.png,img/jugadores/Fabricio Bustos.png,Defensor,75,https://www.pesmaster.com/es/fabricio-bustos/efootball-2022/player/114366/,https://youtu.be/mWyb_c2npI8?si=4Hko28TfImfg5GEh,fabricio-bustos
19,Paulo,Díaz,25/08/1994,1,Chile.png,img/jugadores/Paulo Díaz.png,Defensor,75,https://www.pesmaster.com/es/paulo-diaz/efootball-2022/player/59356/,https://youtu.be/WPgbFdfCUbo?si=trhR7VWT9xCSbFFt,paulo-diaz
3,Federico,Gattoni,16/02/1999,1,Argentina.png,img/jugadores/Federico Gattoni.png,Defensor,71,https://www.pesmaster.com/es/federico-gattoni/efootball-2022/player/126535/,https://youtu.be/fqn-IPwxZ2I?si=kRHtlk9_HMgkPDWw,federico-gattoni
12,Lucas,Martínez Quarta,10/05/1996,1,Argentina.png,img/jugadores/Martínez Quarta.png,Defensor,77,https://www.pesmaster.com/es/l-martinez-quarta/efootball-2022/player/108669/,https://youtu.be/F_91mavtCYc?si=HxLGjkHRl6iF7ltH,lucas-martinez-quarta
13,Gonzalo,Montiel,01/01/1997,1,Argentina.png,img/jugadores/Gonzalo Montiel.png,Defensor,78,https://www.pesmaster.com/es/gonzalo-montiel/efootball-2022/player/110520/,https://youtu.be/pEk-PjwcYuU?si=PO6CTwWzeg4IcX-n,gonzalo-montiel
24,Juan Carlos,Portillo,18/05/2000,1,Argentina.png,img/jugadores/Juan Carlos Portillo.png,Defensor,75,https://www.pesmaster.com/es/juan-portillo/efootball-2022/player/141145/,https://youtu.be/PCre-qGXSGw?si=y7_458pC8wrQ7fQC,juan-carlos-portillo
17,Lautaro,Rivero,01/11/2003,1,Argentina.png,img/jugadores/Lautaro Rivero.png,Defensor,76,https://www.pesmaster.com/es/lautaro-rivero/efootball-2022/player/168964/,https://youtu.be/_ZjC9chcA7Y?si=ywkuNYO3UeBvouAZ,lautaro-rivero
23,Kevin,Castaño,29/09/2000,1,Colombia.png,img/jugadores/Kevin Castaño.png,Mediocampista,76,https://www.pesmaster.com/es/kevin-castano/efootball-2022/player/141420/,https://youtu.be/0D8SroCsMqo?si=z006WPVX7w2-l8ZR,kevin-castano
16,Giorgio,Costantini,16/04/2006,1,Brasil.png,img/jugadores/Giorgio Costantini.png,Mediocampista,62,https://www.pesmaster.com/es/giorgio-costantini/efootball-2022/player/175889/,https://youtu.be/2FW3dM8IPQs?si=JRLuXwRjvB_MDdYV,giorgio-costantini
21,Matías,Galarza Fonda,11/02/2002,1,Paraguay.png,img/jugadores/Matías Galarza Fonda.png,Mediocampista,72,https://www.pesmaster.com/es/matias-galarza-fonda/efootball-2022/player/143565/,https://youtu.be/TL9_qq-j0wk?si=zV3L2PPi-tBDfaJD,matias-galarza-fonda
11,Giuliano,Galoppo,18/06/1999,1,Argentina.png,img/jugadores/Giuliano Galoppo.png,Mediocampista,73,https://www.pesmaster.com/es/giuliano-galoppo/efootball-2022/player/122020/,https://youtu.be/TZHUm1PjScU?si=jM_RXzATjl6HL3-b,giuliano-galoppo
14,Santiago,Lencina,04/09/2005,1,Argentina.png,img/jugadores/Santiago Lencina.png,Mediocampista,72,https://www.pesmaster.com/es/santiago-lencina/efootball-2022/player/171534/,https://youtu.be/-7trOi5iqxM?si=bmx88oFY3BvpGfXq,santiago-lencina
10,Gonzalo,Martínez,13/06/1993,1,Argentina.png,img/jugadores/Pity Martínez.png,Mediocampista,72,https://www.pesmaster.com/es/pity-martinez/efootball-2022/player/104864/,https://youtu.be/qrbka7GBsk8?si=1LF0YUnG53_i7uGv,gonzalo-martinez
20,Juan Cruz,Meza,14/03/2008,1,Argentina.png,img/jugadores/JC Meza.png,Mediocampista,66,https://www.pesmaster.com/es/juan-cruz-meza/efootball-2022/player/177998/,https://youtu.be/mMdnGCBDoxc?si=O0rMA4PR7wLp_0kH,juan-cruz-meza
6,Maximiliano,Meza,15/12/1992,1,Argentina.png,img/jugadores/Maxi Meza.png,Mediocampista,73,https://www.pesmaster.com/es/maximiliano-meza/efootball-2022/player/60308/,https://youtu.be/34lFcQBa9Y0?si=virU4Ontr0ptoU0_,maximiliano-meza
22,Juan F.,Quintero,18/01/1993,1,Colombia.png,img/jugadores/Juanfer Quintero.png,Mediocampista,77,https://www.pesmaster.com/es/j-fernando-quintero/efootball-2022/player/45685/,https://youtu.be/EncATy_acZs?si=VlPp6yN78VwLaQw9,juan-fernando-quintero
8,Miguel,Borja,26/01/1993,1,Colombia.png,img/jugadores/Miguel Borja.png,Delantero,74,https://www.pesmaster.com/es/miguel-borja/efootball-2022/player/60855/,https://youtu.be/QV0dtoK0X70?si=l3b7Y6u_XjXxzgav,miguel-borja
7,Facundo,Colidio,04/01/2000,1,Argentina.png,img/jugadores/Facundo Colidio.png,Delantero,75,https://www.pesmaster.com/es/facundo-colidio/efootball-2022/player/126133/,https://youtu.be/xoftUIZJnqA?si=N_zHM_9uc7BW0VlX,facundo-colidio
15,Bautista,Dadín,20/05/2006,1,Argentina.png,img/jugadores/Bautista Dadín.png,Delantero,66,https://www.pesmaster.com/es/bautista-dadin/efootball-2022/player/177257/,https://youtu.be/xk6b-PjGeaE?si=hgSiPbBBI54FY8Z1,bautista-dadin
9,Agustín,Ruberto,14/01/2006,1,Argentina.png,img/jugadores/Agustín Ruberto.png,Delantero,70,https://www.pesmaster.com/es/agustin-ruberto/efootball-2022/player/167998/,https://youtu.be/TPTvfDVMuTc?si=q5g7uEd-AOlP1fk7,agustin-ruberto
18,Maximiliano,Salas,01/12/1997,1,Argentina.png,img/jugadores/Maxi Salas.png,Delantero,75,https://www.pesmaster.com/es/maximiliano-salas/efootball-2022/player/125786/,https://youtu.be/n-VudhkczS4?si=21hGaTqppOLPcS_5,maximiliano-salas
1,Ian,Subiabre,01/01/2007,1,Argentina.png,img/jugadores/Ian Subiabre.png,Delantero,67,https://www.pesmaster.com/es/ian-subiabre/efootball-2022/player/167999/,https://youtu.be/y08fQlOjyRI?si=jnzSAA4u6lU_hxjf,ian-subiabre
79,Ignacio,Malcorra,24/07/1987,16,Argentina.png,img/jugadores/Víctor Ignacio Malcorra.png,Mediocampista,76,https://www.pesmaster.com/es/v-ignacio-malcorra/efootball-2022/player/105196/,https://youtu.be/790Kg5-MotQ?si=48OwFyuug_RTDecU,ignacio-malcorra
80,Jaminton,Campaz,24/05/2000,16,Colombia.png,img/jugadores/Jaminton Campaz.png,Delantero,75,https://www.pesmaster.com/es/jaminton-campaz/efootball-2022/player/120068/,https://youtu.be/FW0Ru26oT1M?si=nV6xX-LOYyTEGC9m,jaminton-campaz
95,Ángel,Di María,14/02/1988,16,Argentina.png,img/jugadores/Ángel Di María.png,Delantero,82,https://www.pesmaster.com/es/angel-di-maria/efootball-2022/player/37106/,https://youtu.be/XScfHSOS58I?si=_nvxyqKBJ4T1W63O,angel-di-maria
96,Alejo,Véliz,19/09/2003,16,Argentina.png,img/jugadores/Alejo Véliz.png,Delantero,74,https://www.pesmaster.com/es/alejo-veliz/efootball-2022/player/144150/,https://youtu.be/gIjaAOLq72Y?si=GR99vvCa83mHBtKX,alejo-veliz
61,Facundo,Altamirano,21/03/1996,5,Argentina.png,img/jugadores/Facundo Altamirano.png,Arquero,68,https://www.pesmaster.com/es/facundo-altamirano/efootball-2022/player/105331/,https://youtu.be/2YimIymOVXQ?si=TNVWYbvbqsxn-209,facundo-altamirano
62,Gastón,Hernández,19/01/1998,5,Argentina.png,img/jugadores/Gastón Hernández.png,Defensor,76,https://www.pesmaster.com/es/gaston-hernandez/efootball-2022/player/130493/,https://youtu.be/obWN_3uSAfw?si=9jVEhVQbPV2n4S-e,gaston-hernandez
63,Andrés,Vombergar,20/11/1994,5,Eslovenia.png,img/jugadores/Andrés Vombergar.png,Delantero,70,https://www.pesmaster.com/es/andres-vombergar/efootball-2022/player/128841/,https://youtu.be/_ggiSH6qoUo?si=Bka1QOfx7bCV3_W9,andres-vombergar
85,Guido,Herrera,29/02/1992,7,Argentina.png,img/jugadores/Guido Herrera.png,Arquero,74,https://www.pesmaster.com/es/guido-herrera/efootball-2022/player/60198/,https://youtu.be/fmwBqHP-qMY?si=4NSljW7zseDaY1lZ,guido-herrera
88,Rubén,Botta,31/01/1990,7,Argentina.png,img/jugadores/Rubén Botta.png,Mediocampista,73,https://www.pesmaster.com/es/ruben-botta/efootball-2022/player/47594/,https://youtu.be/O4A1dWrk6ik?si=4tG3um_ct_mo0v26,ruben-botta
84,Nahuel,Bustos,04/07/1998,7,Argentina.png,img/jugadores/Nahuel Bustos.png,Delantero,70,https://www.pesmaster.com/es/nahuel-bustos/efootball-2022/player/113040/,https://youtu.be/T-veYPlyfFE?si=utKM8bLcWvaSsaZG,nahuel-bustos
67,Jabes,Saralegui,12/04/2003,25,Argentina.png,img/jugadores/Jabes Saralegui.png,Mediocampista,70,https://www.pesmaster.com/es/jabes-saralegui/efootball-2022/player/158698/,https://youtu.be/TLKdQ-H4UBU?si=9vOD6EwveYnQPYtc,jabes-saralegui
93,Marcelo,Estigarribia,10/04/1995,18,Argentina.png,img/jugadores/Marcelo Estigarribia.png,Delantero,70,https://www.pesmaster.com/es/marcelo-estigarribia/efootball-2022/player/150897/,https://youtu.be/9FIEw_xgvao?si=clIwqOveErZMtOg6,marcelo-estigarribia
89,Elías,Gómez,09/06/1994,8,Argentina.png,img/jugadores/Elías Gómez.png,Defensor,74,https://www.pesmaster.com/es/elias-gomez/efootball-2022/player/61036/,https://youtu.be/hhbxpkxYC1Q?si=cvi6d4zm4v93Et7o,elias-gomez
91,Emanuel,Mammana,10/02/1996,8,Argentina.png,img/jugadores/Emanuel Mammana.png,Defensor,75,https://www.pesmaster.com/es/emanuel-mammana/efootball-2022/player/61130/,https://youtu.be/cjGm8MnXdPE?si=8EXHZNevNqBTE8sb,emanuel-mammana
68,Rodrigo,Aliendro,16/02/1991,8,Argentina.png,img/jugadores/Rodrigo Aliendro.png,Mediocampista,74,https://www.pesmaster.com/es/rodrigo-aliendro/efootball-2022/player/111028/,https://youtu.be/kBdC5lKn2UU?si=8X4FAHB0FqBA87W_,rodrigo-aliendro
73,Manuel,Lanzini,15/02/1993,8,Argentina.png,img/jugadores/Manuel Lanzini.png,Mediocampista,73,https://www.pesmaster.com/es/manuel-lanzini/efootball-2022/player/42697/,https://youtu.be/pRuPyOz9cq4?si=xOiHzzkQNk0cF8CS,manuel-lanzini
72,Maher,Carrizo,19/02/2006,8,Argentina.png,img/jugadores/Maher Mauricio Carrizo.png,Delantero,74,https://www.pesmaster.com/es/maher-carrizo/efootball-2022/player/168232/,https://youtu.be/IhgSi2hu5NM?si=YZaAjgUF1VaFbRYv,maher-carrizo
